Date,HPI,SalesVolume,Region,Year,MedianAnnualPay,CPI,BaseRate,AffordabilityRatio
2000-06-01,26.9,14270.0,London,2000,24204.0,72.9,6.0,1.1113865476780695
2000-07-01,27.4,13278.0,London,2000,24204.0,72.5,6.0,1.132044290199967
2000-08-01,27.6,12690.0,London,2000,24204.0,72.5,6.0,1.140307387208726
2000-09-01,27.6,11521.0,London,2000,24204.0,73.1,6.0,1.140307387208726
2000-10-01,27.3,11068.0,London,2000,24204.0,73.1,6.0,1.1279127416955876
2000-11-01,27.7,11301.0,London,2000,24204.0,73.2,6.0,1.1444389357131053
2000-12-01,27.7,11983.0,London,2000,24204.0,73.2,6.0,1.1444389357131053
2001-01-01,28.0,10315.0,London,2001,25215.0,72.6,6.0,1.110450128891533
2001-02-01,28.1,9963.0,London,2001,25215.0,72.7,6.0,1.1144160222090027
2001-03-01,28.3,12882.0,London,2001,25215.0,73.0,5.75,1.1223478088439423
2001-04-01,28.7,12330.0,London,2001,25215.0,73.4,5.75,1.1382113821138211
2001-05-01,29.5,13965.0,London,2001,25215.0,74.0,5.5,1.1699385286535793
2001-06-01,29.8,15564.0,London,2001,25215.0,74.1,5.25,1.1818362086059886
2001-07-01,30.2,16048.0,London,2001,25215.0,73.6,5.25,1.1976997818758675
2001-08-01,30.9,17306.0,London,2001,25215.0,73.9,5.25,1.2254610350981558
2001-09-01,30.9,13820.0,London,2001,25215.0,74.1,5.0,1.2254610350981558
2001-10-01,31.2,14320.0,London,2001,25215.0,73.9,4.75,1.237358715050565
2001-11-01,31.4,14294.0,London,2001,25215.0,73.8,4.5,1.2452905016855045
2001-12-01,31.4,11937.0,London,2001,25215.0,74.0,4.0,1.2452905016855045
2002-01-01,31.9,10337.0,London,2002,26467.0,73.7,4.0,1.2052744927645747
2002-02-01,32.0,10786.0,London,2002,26467.0,73.8,4.0,1.2090527827105453
2002-03-01,32.4,13747.0,London,2002,26467.0,74.1,4.0,1.2241659424944271
2002-04-01,33.4,14025.0,London,2002,26467.0,74.4,4.0,1.2619488419541316
2002-05-01,34.3,17735.0,London,2002,26467.0,74.6,4.0,1.2959534514678657
2002-06-01,34.9,14368.0,London,2002,26467.0,74.6,4.0,1.3186231911436883
2002-07-01,35.8,18061.0,London,2002,26467.0,74.4,4.0,1.3526278006574224
2002-08-01,36.6,17567.0,London,2002,26467.0,74.6,4.0,1.382854120225186
2002-09-01,37.0,15091.0,London,2002,26467.0,74.8,4.0,1.397967280009068
2002-10-01,37.3,14509.0,London,2002,26467.0,74.9,4.0,1.409302149846979
2002-11-01,38.0,14324.0,London,2002,26467.0,74.9,4.0,1.4357501794687726
2002-12-01,38.2,13443.0,London,2002,26467.0,75.2,4.0,1.4433067593607136
2003-01-01,38.8,11365.0,London,2003,27455.0,74.7,4.0,1.4132216354033873
2003-02-01,38.7,10320.0,London,2003,27455.0,75.0,4.0,1.4095793116008013
2003-03-01,38.6,10600.0,London,2003,27455.0,75.3,3.75,1.4059369877982153
2003-04-01,39.0,10380.0,London,2003,27455.0,75.5,3.75,1.4205062830085595
2003-05-01,39.5,11169.0,London,2003,27455.0,75.5,3.75,1.4387179020214897
2003-06-01,39.2,11990.0,London,2003,27455.0,75.4,3.75,1.4277909306137317
2003-07-01,40.1,13468.0,London,2003,27455.0,75.3,3.75,1.460571844837006
2003-08-01,39.9,14417.0,London,2003,27455.0,75.6,3.5,1.453287197231834
2003-09-01,39.9,14741.0,London,2003,27455.0,75.9,3.5,1.453287197231834
2003-10-01,40.2,15741.0,London,2003,27455.0,76.0,3.5,1.4642141686395922
2003-11-01,40.4,14754.0,London,2003,27455.0,75.9,3.5,1.4714988162447642
2003-12-01,40.7,14839.0,London,2003,27455.0,76.2,3.75,1.4824257876525224
2004-01-01,41.0,12767.0,London,2004,28750.0,75.8,3.75,1.4260869565217391
2004-02-01,41.2,12160.0,London,2004,28750.0,76.0,3.75,1.4330434782608696
2004-03-01,41.5,14409.0,London,2004,28750.0,76.1,4.0,1.4434782608695653
2004-04-01,42.4,14873.0,London,2004,28750.0,76.4,4.0,1.4747826086956521
2004-05-01,42.6,13613.0,London,2004,28750.0,76.6,4.0,1.4817391304347827
2004-06-01,43.2,16163.0,London,2004,28750.0,76.6,4.25,1.502608695652174
2004-07-01,43.9,17612.0,London,2004,28750.0,76.4,4.5,1.5269565217391303
2004-08-01,44.0,15020.0,London,2004,28750.0,76.6,4.5,1.5304347826086957
2004-09-01,43.9,13500.0,London,2004,28750.0,76.7,4.75,1.5269565217391303
2004-10-01,43.6,12031.0,London,2004,28750.0,76.9,4.75,1.5165217391304349
2004-11-01,44.0,10790.0,London,2004,28750.0,77.0,4.75,1.5304347826086957
2004-12-01,43.2,10859.0,London,2004,28750.0,77.4,4.75,1.502608695652174
2005-01-01,43.6,8020.0,London,2005,29882.0,77.0,4.75,1.4590723512482433
2005-02-01,43.4,7829.0,London,2005,29882.0,77.2,4.75,1.4523793588113245
2005-03-01,43.4,9361.0,London,2005,29882.0,77.5,4.75,1.4523793588113245
2005-04-01,44.1,10290.0,London,2005,29882.0,77.8,4.75,1.4758048323405395
2005-05-01,44.2,10649.0,London,2005,29882.0,78.1,4.75,1.4791513285589988
2005-06-01,44.2,12308.0,London,2005,29882.0,78.1,4.75,1.4791513285589988
2005-07-01,44.6,13536.0,London,2005,29882.0,78.2,4.75,1.492537313432836
2005-08-01,44.6,13208.0,London,2005,29882.0,78.4,4.75,1.492537313432836
2005-09-01,44.4,13541.0,London,2005,29882.0,78.6,4.5,1.4858443209959171
2005-10-01,43.9,12382.0,London,2005,29882.0,78.7,4.5,1.4691118399036207
2005-11-01,44.4,12568.0,London,2005,29882.0,78.7,4.5,1.4858443209959171
2005-12-01,44.7,13144.0,London,2005,29882.0,78.9,4.5,1.4958838096512952
2006-01-01,45.0,10862.0,London,2006,30355.0,78.5,4.5,1.482457585241311
2006-02-01,44.8,10885.0,London,2006,30355.0,78.8,4.5,1.4758688848624608
2006-03-01,45.3,13982.0,London,2006,30355.0,78.9,4.5,1.4923406358095863
2006-04-01,46.0,11953.0,London,2006,30355.0,79.4,4.5,1.5154010871355623
2006-05-01,46.4,13349.0,London,2006,30355.0,79.9,4.5,1.528578487893263
2006-06-01,47.1,16075.0,London,2006,30355.0,80.1,4.5,1.551638939219239
2006-07-01,47.6,16182.0,London,2006,30355.0,80.0,4.5,1.5681106901663648
2006-08-01,48.1,16833.0,London,2006,30355.0,80.4,4.5,1.5845824411134903
2006-09-01,48.3,15674.0,London,2006,30355.0,80.5,4.75,1.5911711414923406
2006-10-01,48.6,15193.0,London,2006,30355.0,80.6,4.75,1.601054192060616
2006-11-01,48.5,15230.0,London,2006,30355.0,80.8,4.75,1.597759841871191
2006-12-01,49.6,15232.0,London,2006,30355.0,81.3,5.0,1.6339976939548675
2007-01-01,50.2,12794.0,London,2007,31484.0,80.6,5.0,1.5944606784398425
2007-02-01,50.8,12194.0,London,2007,31484.0,81.0,5.25,1.6135179773853385
2007-03-01,51.3,14546.0,London,2007,31484.0,81.4,5.25,1.6293990598399186
2007-04-01,52.3,12568.0,London,2007,31484.0,81.6,5.25,1.661161224749079
2007-05-01,53.0,14059.0,London,2007,31484.0,81.8,5.25,1.683394740185491
2007-06-01,53.6,15799.0,London,2007,31484.0,82.0,5.5,1.7024520391309872
2007-07-01,55.5,16037.0,London,2007,31484.0,81.5,5.5,1.7628001524583916
2007-08-01,55.8,16824.0,London,2007,31484.0,81.8,5.75,1.7723288019311394
2007-09-01,56.0,13748.0,London,2007,31484.0,81.9,5.75,1.7786812349129717
2007-10-01,56.0,13890.0,London,2007,31484.0,82.3,5.75,1.7786812349129717
2007-11-01,55.8,13174.0,London,2007,31484.0,82.5,5.75,1.7723288019311394
2007-12-01,55.9,9938.0,London,2007,31484.0,83.0,5.75,1.7755050184220558
2008-01-01,56.0,8541.0,London,2008,32813.0,82.4,5.5,1.7066406607137414
2008-02-01,55.5,8773.0,London,2008,32813.0,83.0,5.5,1.6914027976716546
2008-03-01,55.1,8002.0,London,2008,32813.0,83.4,5.25,1.6792125072379849
2008-04-01,55.2,8074.0,London,2008,32813.0,84.0,5.25,1.6822600798464025
2008-05-01,55.4,8075.0,London,2008,32813.0,84.6,5.0,1.688355225063237
2008-06-01,54.4,7540.0,London,2008,32813.0,85.2,5.0,1.657879498979063
2008-07-01,54.4,6935.0,London,2008,32813.0,85.1,5.0,1.657879498979063
2008-08-01,52.8,5982.0,London,2008,32813.0,85.7,5.0,1.609118337244385
2008-09-01,51.8,5191.0,London,2008,32813.0,86.1,5.0,1.5786426111602108
2008-10-01,50.1,5225.0,London,2008,32813.0,85.9,5.0,1.5268338768171152
2008-11-01,48.5,4078.0,London,2008,32813.0,85.8,4.5,1.4780727150824369
2008-12-01,47.6,4505.0,London,2008,32813.0,85.5,3.0,1.4506445616066803
2009-01-01,47.5,3269.0,London,2009,33700.0,84.9,2.0,1.4094955489614243
2009-02-01,46.9,3251.0,London,2009,33700.0,85.6,1.5,1.3916913946587537
2009-03-01,46.4,4097.0,London,2009,33700.0,85.8,1.0,1.3768545994065282
2009-04-01,46.0,4323.0,London,2009,33700.0,86.0,0.5,1.3649851632047478
2009-05-01,46.9,5011.0,London,2009,33700.0,86.4,0.5,1.3916913946587537
2009-06-01,47.6,6001.0,London,2009,33700.0,86.7,0.5,1.4124629080118694
2009-07-01,48.7,7900.0,London,2009,33700.0,86.7,0.5,1.4451038575667658
2009-08-01,49.1,7548.0,London,2009,33700.0,87.0,0.5,1.456973293768546
2009-09-01,50.2,7920.0,London,2009,33700.0,87.1,0.5,1.489614243323442
2009-10-01,50.4,8449.0,London,2009,33700.0,87.2,0.5,1.4955489614243322
2009-11-01,50.0,7962.0,London,2009,33700.0,87.5,0.5,1.483679525222552
2009-12-01,50.7,9500.0,London,2009,33700.0,88.0,0.5,1.5044510385756678
2010-01-01,52.5,6212.0,London,2010,33990.0,87.8,0.5,1.5445719329214476
2010-02-01,52.3,6312.0,London,2010,33990.0,88.2,0.5,1.538687849367461
2010-03-01,52.6,7308.0,London,2010,33990.0,88.7,0.5,1.5475139746984408
2010-04-01,52.9,7032.0,London,2010,33990.0,89.2,0.5,1.5563401000294204
2010-05-01,52.8,7106.0,London,2010,33990.0,89.4,0.5,1.5533980582524272
2010-06-01,53.4,8756.0,London,2010,33990.0,89.5,0.5,1.5710503089143866
2010-07-01,54.9,9461.0,London,2010,33990.0,89.3,0.5,1.615180935569285
2010-08-01,54.5,8570.0,London,2010,33990.0,89.8,0.5,1.6034127684613122
2010-09-01,54.4,8194.0,London,2010,33990.0,89.8,0.5,1.600470726684319
2010-10-01,53.7,7871.0,London,2010,33990.0,90.0,0.5,1.5798764342453664
2010-11-01,52.9,7663.0,London,2010,33990.0,90.3,0.5,1.5563401000294204
2010-12-01,53.5,7448.0,London,2010,33990.0,91.2,0.5,1.5739923506913798
2011-01-01,54.0,5870.0,London,2011,34396.0,91.3,0.5,1.5699499941853705
2011-02-01,53.5,5796.0,London,2011,34396.0,92.0,0.5,1.5554134201651353
2011-03-01,53.8,6675.0,London,2011,34396.0,92.2,0.5,1.5641353645772762
2011-04-01,55.1,6903.0,London,2011,34396.0,93.2,0.5,1.6019304570298871
2011-05-01,53.4,6460.0,London,2011,34396.0,93.4,0.5,1.5525061053610885
2011-06-01,53.6,7846.0,London,2011,34396.0,93.3,0.5,1.5583207349691826
2011-07-01,55.5,8742.0,London,2011,34396.0,93.3,0.5,1.613559716246075
2011-08-01,55.3,8998.0,London,2011,34396.0,93.8,0.5,1.6077450866379812
2011-09-01,55.4,8707.0,London,2011,34396.0,94.4,0.5,1.610652401442028
2011-10-01,54.8,7871.0,London,2011,34396.0,94.5,0.5,1.5932085126177462
2011-11-01,54.6,7956.0,London,2011,34396.0,94.6,0.5,1.5873938830096523
2011-12-01,54.8,8217.0,London,2011,34396.0,95.1,0.5,1.5932085126177462
2012-01-01,55.2,6531.0,London,2012,34883.0,94.6,0.5,1.5824327036092078
2012-02-01,54.8,6659.0,London,2012,34883.0,95.1,0.5,1.5709657999598658
2012-03-01,54.5,9099.0,London,2012,34883.0,95.4,0.5,1.5623656222228592
2012-04-01,56.1,5961.0,London,2012,34883.0,96.0,0.5,1.6082332368202277
2012-05-01,57.0,7374.0,London,2012,34883.0,95.9,0.5,1.6340337700312473
2012-06-01,57.5,8132.0,London,2012,34883.0,95.5,0.5,1.6483673995929249
2012-07-01,57.9,8751.0,London,2012,34883.0,95.6,0.5,1.659834303242267
2012-08-01,58.1,9073.0,London,2012,34883.0,96.1,0.5,1.665567755066938
2012-09-01,57.8,7906.0,London,2012,34883.0,96.5,0.5,1.6569675773299313
2012-10-01,58.2,8146.0,London,2012,34883.0,97.0,0.5,1.6684344809792737
2012-11-01,57.9,8626.0,London,2012,34883.0,97.2,0.5,1.659834303242267
2012-12-01,58.8,7601.0,London,2012,34883.0,97.6,0.5,1.6856348364532867
2013-01-01,58.4,6834.0,London,2013,35173.0,97.1,0.5,1.660364484121343
2013-02-01,58.8,6693.0,London,2013,35173.0,97.8,0.5,1.671736843601626
2013-03-01,58.6,7663.0,London,2013,35173.0,98.1,0.5,1.6660506638614847
2013-04-01,60.2,7388.0,London,2013,35173.0,98.3,0.5,1.7115401017826173
2013-05-01,60.4,9010.0,London,2013,35173.0,98.5,0.5,1.717226281522759
2013-06-01,60.9,8930.0,London,2013,35173.0,98.3,0.5,1.731441730873113
2013-07-01,62.4,10889.0,London,2013,35173.0,98.3,0.5,1.7740880789241749
2013-08-01,63.0,11153.0,London,2013,35173.0,98.7,0.5,1.7911466181445994
2013-09-01,63.9,10276.0,London,2013,35173.0,99.1,0.5,1.8167344269752366
2013-10-01,63.8,10935.0,London,2013,35173.0,99.1,0.5,1.813891337105166
2013-11-01,64.5,11427.0,London,2013,35173.0,99.2,0.5,1.8337929661956613
2013-12-01,66.0,10775.0,London,2013,35173.0,99.6,0.5,1.8764393142467235
2014-01-01,66.7,9966.0,London,2014,35034.0,99.0,0.5,1.9038648170348804
2014-02-01,67.1,9363.0,London,2014,35034.0,99.5,0.5,1.9152822971970085
2014-03-01,67.8,9537.0,London,2014,35034.0,99.7,0.5,1.935262887480733
2014-04-01,70.4,9809.0,London,2014,35034.0,100.1,0.5,2.0094765085345667
2014-05-01,71.8,10155.0,London,2014,35034.0,100.0,0.5,2.0494376891020147
2014-06-01,72.6,10486.0,London,2014,35034.0,100.2,0.5,2.0722726494262713
2014-07-01,74.8,11340.0,London,2014,35034.0,99.9,0.5,2.135068790317977
2014-08-01,75.9,11243.0,London,2014,35034.0,100.2,0.5,2.1664668607638298
2014-09-01,75.7,10437.0,London,2014,35034.0,100.3,0.5,2.1607581206827655
2014-10-01,75.4,10773.0,London,2014,35034.0,100.4,0.5,2.152195010561169
2014-11-01,75.2,9095.0,London,2014,35034.0,100.1,0.5,2.1464862704801053
2014-12-01,75.6,9745.0,London,2014,35034.0,100.1,0.5,2.157903750642233
2015-01-01,75.5,8142.0,London,2015,35303.0,99.3,0.5,2.138628445174631
2015-02-01,75.9,7937.0,London,2015,35303.0,99.5,0.5,2.149958927003371
2015-03-01,75.9,8847.0,London,2015,35303.0,99.7,0.5,2.149958927003371
2015-04-01,77.0,8323.0,London,2015,35303.0,99.9,0.5,2.181117752032405
2015-05-01,78.0,9059.0,London,2015,35303.0,100.1,0.5,2.2094439566042547
2015-06-01,78.7,10721.0,London,2015,35303.0,100.2,0.5,2.229272299804549
2015-07-01,80.9,11980.0,London,2015,35303.0,100.0,0.5,2.291589949862618
2015-08-01,81.8,10499.0,London,2015,35303.0,100.3,0.5,2.317083533977282
2015-09-01,82.5,10686.0,London,2015,35303.0,100.2,0.5,2.336911877177577
2015-10-01,82.6,10926.0,London,2015,35303.0,100.3,0.5,2.339744497634762
2015-11-01,83.5,9752.0,London,2015,35303.0,100.3,0.5,2.365238081749426
2015-12-01,84.4,9700.0,London,2015,35303.0,100.3,0.5,2.390731665864091
2016-01-01,85.8,7927.0,London,2016,36170.0,99.5,0.5,2.3721316007741224
2016-02-01,85.8,8208.0,London,2016,36170.0,99.8,0.5,2.3721316007741224
2016-03-01,87.1,17501.0,London,2016,36170.0,100.2,0.5,2.4080729886646393
2016-04-01,86.5,5746.0,London,2016,36170.0,100.2,0.5,2.3914846557920932
2016-05-01,87.7,6617.0,London,2016,36170.0,100.4,0.5,2.4246613215371857
2016-06-01,87.8,8464.0,London,2016,36170.0,100.6,0.5,2.42742604368261
2016-07-01,89.2,8794.0,London,2016,36170.0,100.6,0.5,2.4661321537185517
2016-08-01,88.5,8535.0,London,2016,36170.0,100.9,0.5,2.446779098700581
2016-09-01,88.5,8275.0,London,2016,36170.0,101.1,0.25,2.446779098700581
2016-10-01,88.3,8100.0,London,2016,36170.0,101.2,0.25,2.4412496544097317
2016-11-01,88.3,8178.0,London,2016,36170.0,101.4,0.25,2.4412496544097317
2016-12-01,88.6,8460.0,London,2016,36170.0,101.9,0.25,2.4495438208460047
2017-01-01,89.2,6931.0,London,2017,37171.0,101.4,0.25,2.3997202119932206
2017-02-01,89.4,7108.0,London,2017,37171.0,102.1,0.25,2.4051007505851336
2017-03-01,89.2,8659.0,London,2017,37171.0,102.5,0.25,2.3997202119932206
2017-04-01,90.0,7120.0,London,2017,37171.0,102.9,0.25,2.4212423663608726
2017-05-01,90.2,7874.0,London,2017,37171.0,103.3,0.25,2.4266229049527857
2017-06-01,90.0,9192.0,London,2017,37171.0,103.3,0.25,2.4212423663608726
2017-07-01,91.6,8494.0,London,2017,37171.0,103.2,0.25,2.4642866750961767
2017-08-01,91.3,8921.0,London,2017,37171.0,103.8,0.25,2.4562158672083076
2017-09-01,90.7,8239.0,London,2017,37171.0,104.1,0.25,2.440074251432568
2017-10-01,90.3,7990.0,London,2017,37171.0,104.2,0.25,2.4293131742487426
2017-11-01,89.3,7629.0,London,2017,37171.0,104.6,0.25,2.402410481289177
2017-12-01,89.4,7883.0,London,2017,37171.0,104.9,0.5,2.4051007505851336
2018-01-01,90.0,6584.0,London,2018,38146.0,104.4,0.5,2.3593561579195725
2018-02-01,89.6,6386.0,London,2018,38146.0,104.9,0.5,2.348870130551041
2018-03-01,88.6,7350.0,London,2018,38146.0,105.0,0.5,2.3226550621297117
2018-04-01,89.5,6511.0,London,2018,38146.0,105.4,0.5,2.3462486237089077
2018-05-01,89.7,6980.0,London,2018,38146.0,105.8,0.5,2.3514916373931736
2018-06-01,90.0,8135.0,London,2018,38146.0,105.8,0.5,2.3593561579195725
2018-07-01,90.9,8303.0,London,2018,38146.0,105.8,0.5,2.382949719498768
2018-08-01,89.9,8975.0,London,2018,38146.0,106.5,0.5,2.3567346510774394
2018-09-01,89.4,7636.0,London,2018,38146.0,106.6,0.75,2.343627116866775
2018-10-01,90.0,7956.0,London,2018,38146.0,106.7,0.75,2.3593561579195725
2018-11-01,89.0,8130.0,London,2018,38146.0,107.0,0.75,2.3331410894982434
2018-12-01,88.7,6957.0,London,2018,38146.0,107.1,0.75,2.3252765689718453
2019-01-01,88.2,6031.0,London,2019,39013.0,106.3,0.75,2.260784866582934
2019-02-01,87.4,5967.0,London,2019,39013.0,106.8,0.75,2.2402788813985084
2019-03-01,87.0,6875.0,London,2019,39013.0,107.0,0.75,2.2300258888062956
2019-04-01,88.1,6063.0,London,2019,39013.0,107.6,0.75,2.2582216184348805
2019-05-01,86.9,6815.0,London,2019,39013.0,107.9,0.75,2.227462640658242
2019-06-01,88.2,6991.0,London,2019,39013.0,107.9,0.75,2.260784866582934
2019-07-01,89.7,8275.0,London,2019,39013.0,107.9,0.75,2.299233588803732
2019-08-01,88.7,8797.0,London,2019,39013.0,108.4,0.75,2.2736011073232
2019-09-01,89.5,7586.0,London,2019,39013.0,108.5,0.75,2.294107092507626
2019-10-01,88.6,7901.0,London,2019,39013.0,108.3,0.75,2.2710378591751463
2019-11-01,87.9,7833.0,London,2019,39013.0,108.5,0.75,2.2530951221387743
2019-12-01,89.9,7107.0,London,2019,39013.0,108.5,0.75,2.3043600850998387
2020-01-01,89.3,6527.0,London,2020,40994.0,108.2,0.75,2.178367565985266
2020-02-01,89.0,6465.0,London,2020,40994.0,108.6,0.75,2.1710494218666145
2020-03-01,90.5,6842.0,London,2020,40994.0,108.6,0.75,2.2076401424598724
2020-04-01,89.3,3206.0,London,2020,40994.0,108.5,0.1,2.178367565985266
2020-05-01,88.7,2929.0,London,2020,40994.0,108.5,0.1,2.163731277747963
2020-06-01,90.0,4511.0,London,2020,40994.0,108.6,0.1,2.195443235595453
2020-07-01,90.7,5988.0,London,2020,40994.0,109.1,0.1,2.2125189052056395
2020-08-01,91.8,6148.0,London,2020,40994.0,108.6,0.1,2.2393521003073618
2020-09-01,92.5,7087.0,London,2020,40994.0,109.1,0.1,2.2564277699175492
2020-10-01,91.2,8083.0,London,2020,40994.0,109.1,0.1,2.224715812070059
2020-11-01,92.7,7825.0,London,2020,40994.0,108.9,0.1,2.2613065326633164
2020-12-01,92.7,9201.0,London,2020,40994.0,109.2,0.1,2.2613065326633164
2021-01-01,92.7,8030.0,London,2021,39737.0,109.0,0.1,2.3328384125625994
2021-02-01,92.0,10070.0,London,2021,39737.0,109.1,0.1,2.3152225885195157
2021-03-01,93.6,16466.0,London,2021,39737.0,109.4,0.1,2.3554873291894203
2021-04-01,91.7,9151.0,London,2021,39737.0,110.1,0.1,2.307672949643909
2021-05-01,91.6,7696.0,London,2021,39737.0,110.8,0.1,2.3051564033520395
2021-06-01,94.3,26412.0,London,2021,39737.0,111.3,0.1,2.3731031532325035
2021-07-01,92.8,3030.0,London,2021,39737.0,111.3,0.1,2.335354958854468
2021-08-01,95.6,6063.0,London,2021,39737.0,112.1,0.1,2.405818255026801
2021-09-01,94.9,12748.0,London,2021,39737.0,112.4,0.1,2.388202430983718
2021-10-01,94.5,4935.0,London,2021,39737.0,113.6,0.1,2.3781362458162416
2021-11-01,95.9,6837.0,London,2021,39737.0,114.5,0.1,2.413367893902408
2021-12-01,96.0,7655.0,London,2021,39737.0,115.1,0.1,2.415884440194277
2022-01-01,96.5,6363.0,London,2022,41987.0,114.9,0.25,2.2983304356110223
2022-02-01,96.5,7143.0,London,2022,41987.0,115.8,0.25,2.2983304356110223
2022-03-01,96.4,8630.0,London,2022,41987.0,117.1,0.5,2.295948746040441
2022-04-01,97.2,7432.0,London,2022,41987.0,120.0,0.75,2.315002262605092
2022-05-01,97.1,7768.0,London,2022,41987.0,120.8,0.75,2.3126205730345104
2022-06-01,100.3,8528.0,London,2022,41987.0,121.8,1.0,2.3888346392931146
2022-07-01,100.8,9356.0,London,2022,41987.0,122.5,1.25,2.4007430871460214
2022-08-01,101.8,9432.0,London,2022,41987.0,123.1,1.25,2.424559982851835
2022-09-01,101.5,9508.0,London,2022,41987.0,123.8,1.75,2.417414914140091
2022-10-01,100.5,8976.0,London,2022,41987.0,126.2,2.25,2.3935980184342776
2022-11-01,100.8,8978.0,London,2022,41987.0,126.7,2.25,2.4007430871460214
2022-12-01,100.3,8125.0,London,2022,41987.0,127.2,3.0,2.3888346392931146
2023-01-01,100.0,6046.0,London,2023,44681.0,126.4,3.5,2.2380877778026456
2023-02-01,98.8,5587.0,London,2023,44681.0,127.9,3.5,2.2112307244690137
2023-03-01,97.3,6571.0,London,2023,44681.0,128.9,4.0,2.1776594078019738
2023-04-01,97.6,4330.0,London,2023,44681.0,130.4,4.25,2.184373671135382
2023-05-01,97.2,4835.0,London,2023,44681.0,131.3,4.25,2.1754213200241717
2023-06-01,97.4,6016.0,London,2023,44681.0,131.5,4.5,2.1798974955797767
2023-07-01,98.0,6043.0,London,2023,44681.0,130.9,5.0,2.1933260222465925
2023-08-01,98.2,6988.0,London,2023,44681.0,131.3,5.0,2.197802197802198
2023-09-01,99.1,6912.0,London,2023,44681.0,132.0,5.25,2.2179449878024213
2023-10-01,97.2,6242.0,London,2023,44681.0,132.0,5.25,2.1754213200241717
2023-11-01,96.0,6023.0,London,2023,44681.0,131.7,5.25,2.1485642666905393
2023-12-01,96.2,5479.0,London,2023,44681.0,132.2,5.25,2.153040442246145
2024-01-01,96.5,5102.0,London,2024,47441.0,131.5,5.25,2.034105520541304
2024-02-01,95.7,5582.0,London,2024,47441.0,132.3,5.25,2.017242469593811
2024-03-01,95.9,5952.0,London,2024,47441.0,133.0,5.25,2.0214582323306844
2024-04-01,96.1,5730.0,London,2024,47441.0,133.5,5.25,2.0256739950675575
2024-05-01,97.0,6785.0,London,2024,47441.0,133.9,5.25,2.044644927383487
2024-06-01,97.5,6287.0,London,2024,47441.0,134.1,5.25,2.05518433422567
2024-07-01,97.7,7834.0,London,2024,47441.0,133.8,5.25,2.059400096962543
2024-08-01,99.3,8392.0,London,2024,47441.0,134.3,5.0,2.0931261988575285
2024-09-01,99.3,7402.0,London,2024,47441.0,134.2,5.0,2.0931261988575285
2024-10-01,98.3,8981.0,London,2024,47441.0,135.0,5.0,2.0720473851731627
2024-11-01,98.1,7652.0,London,2024,47441.0,135.1,5.0,2.067831622436289
2024-12-01,97.5,6862.0,London,2024,47441.0,135.6,4.75,2.05518433422567
2025-01-01,98.8,6665.0,London,2025,49692.0,135.4,4.75,1.9882476052483296
2025-02-01,98.3,7285.0,London,2025,49692.0,136.0,4.75,1.9781856234403925
2025-03-01,97.0,16812.0,London,2025,49692.0,136.5,4.5,1.952024470739757
2025-04-01,98.9,2868.0,London,2025,49692.0,138.2,4.5,1.9902600016099172
2025-05-01,99.1,5139.0,London,2025,49692.0,138.4,4.5,1.9942847943330917
2025-06-01,99.4,6329.0,London,2025,49692.0,138.9,4.25,2.0003219834178543
2025-07-01,99.8,7504.0,London,2025,49692.0,139.0,4.25,2.008371568864203
2025-08-01,99.4,7445.0,London,2025,49692.0,139.3,4.25,2.0003219834178543
2025-09-01,98.7,6660.0,London,2025,49692.0,139.3,4.0,1.9862352088867423
2025-10-01,97.2,6995.0,London,2025,49692.0,139.8,4.0,1.9560492634629316
2025-11-01,97.6,5951.0,London,2025,49692.0,139.5,4.0,1.964098848909281
2025-12-01,96.2,5479.0,London,2025,49692.0,140.1,4.0,1.935925299847058
2026-01-01,96.9,4490.0,London,2026,49692.0,139.5,3.75,1.9500120743781697
2026-02-01,95.1,3955.0,London,2026,49692.0,140.1,3.75,1.9137889398695966
2026-03-01,95.3,4199.0,London,2026,49692.0,141.0,3.75,1.9178137325927713
2026-04-01,96.6,,London,2026,49692.0,142.1,3.75,1.9439748852934073
2026-05-01,95.4,,London,2026,49692.0,142.4,3.75,1.919826128954359
2000-06-01,25.2,13173.0,North West,2000,17863.0,72.9,6.0,1.4107372781727594
2000-07-01,25.6,12163.0,North West,2000,17863.0,72.5,6.0,1.4331299333818508
2000-08-01,25.9,12447.0,North West,2000,17863.0,72.5,6.0,1.4499244247886693
2000-09-01,25.9,11741.0,North West,2000,17863.0,73.1,6.0,1.4499244247886693
2000-10-01,26.0,11086.0,North West,2000,17863.0,73.1,6.0,1.4555225885909422
2000-11-01,26.1,10842.0,North West,2000,17863.0,73.2,6.0,1.461120752393215
2000-12-01,26.4,11698.0,North West,2000,17863.0,73.2,6.0,1.4779152438000336
2001-01-01,26.3,7914.0,North West,2001,18567.0,72.6,6.0,1.4164916249259438
2001-02-01,26.1,8211.0,North West,2001,18567.0,72.7,6.0,1.4057198254968495
2001-03-01,26.2,11426.0,North West,2001,18567.0,73.0,5.75,1.4111057252113965
2001-04-01,27.1,10777.0,North West,2001,18567.0,73.4,5.75,1.4595788226423225
2001-05-01,27.2,11978.0,North West,2001,18567.0,74.0,5.5,1.4649647223568696
2001-06-01,27.9,13370.0,North West,2001,18567.0,74.1,5.25,1.5026660203587008
2001-07-01,28.3,13607.0,North West,2001,18567.0,73.6,5.25,1.5242096192168901
2001-08-01,28.6,15296.0,North West,2001,18567.0,73.9,5.25,1.5403673183605322
2001-09-01,28.9,11992.0,North West,2001,18567.0,74.1,5.0,1.5565250175041738
2001-10-01,28.8,13358.0,North West,2001,18567.0,73.9,4.75,1.5511391177896268
2001-11-01,29.0,14416.0,North West,2001,18567.0,73.8,4.5,1.5619109172187216
2001-12-01,29.4,12166.0,North West,2001,18567.0,74.0,4.0,1.5834545160769107
2002-01-01,29.1,9153.0,North West,2002,19234.0,73.7,4.0,1.512945825101383
2002-02-01,29.0,10280.0,North West,2002,19234.0,73.8,4.0,1.5077466985546428
2002-03-01,30.0,13382.0,North West,2002,19234.0,74.1,4.0,1.5597379640220443
2002-04-01,30.4,12205.0,North West,2002,19234.0,74.4,4.0,1.5805344702090047
2002-05-01,31.7,17109.0,North West,2002,19234.0,74.6,4.0,1.6481231153166267
2002-06-01,32.3,13399.0,North West,2002,19234.0,74.6,4.0,1.6793178745970676
2002-07-01,33.3,16080.0,North West,2002,19234.0,74.4,4.0,1.7313091400644691
2002-08-01,33.8,16673.0,North West,2002,19234.0,74.6,4.0,1.7573047727981697
2002-09-01,33.8,13657.0,North West,2002,19234.0,74.8,4.0,1.7573047727981697
2002-10-01,34.2,14338.0,North West,2002,19234.0,74.9,4.0,1.7781012789851307
2002-11-01,35.2,15891.0,North West,2002,19234.0,74.9,4.0,1.830092544452532
2002-12-01,35.6,14163.0,North West,2002,19234.0,75.2,4.0,1.8508890506394926
2003-01-01,35.8,10931.0,North West,2003,19916.0,74.7,4.0,1.7975497087768628
2003-02-01,35.8,10670.0,North West,2003,19916.0,75.0,4.0,1.7975497087768628
2003-03-01,36.3,11787.0,North West,2003,19916.0,75.3,3.75,1.8226551516368747
2003-04-01,38.0,12301.0,North West,2003,19916.0,75.5,3.75,1.9080136573609159
2003-05-01,39.0,13781.0,North West,2003,19916.0,75.5,3.75,1.9582245430809397
2003-06-01,39.7,13687.0,North West,2003,19916.0,75.4,3.75,1.9933721630849568
2003-07-01,41.1,14337.0,North West,2003,19916.0,75.3,3.75,2.0636674030929907
2003-08-01,42.2,15492.0,North West,2003,19916.0,75.6,3.5,2.1188993773850173
2003-09-01,42.2,14679.0,North West,2003,19916.0,75.9,3.5,2.1188993773850173
2003-10-01,43.2,17128.0,North West,2003,19916.0,76.0,3.5,2.169110263105041
2003-11-01,44.0,15994.0,North West,2003,19916.0,75.9,3.5,2.2092789716810604
2003-12-01,45.3,16396.0,North West,2003,19916.0,76.2,3.75,2.2745531231170917
2004-01-01,45.1,11657.0,North West,2004,20717.0,75.8,3.75,2.176956122990781
2004-02-01,45.7,11788.0,North West,2004,20717.0,76.0,3.75,2.205917845247864
2004-03-01,46.4,14123.0,North West,2004,20717.0,76.1,4.0,2.2397065212144613
2004-04-01,49.2,15963.0,North West,2004,20717.0,76.4,4.0,2.374861225080852
2004-05-01,50.9,14450.0,North West,2004,20717.0,76.6,4.0,2.4569194381425885
2004-06-01,52.5,16448.0,North West,2004,20717.0,76.6,4.25,2.5341506974948107
2004-07-01,54.6,17383.0,North West,2004,20717.0,76.4,4.5,2.6355167253946035
2004-08-01,55.2,14919.0,North West,2004,20717.0,76.6,4.5,2.664478447651687
2004-09-01,55.5,12596.0,North West,2004,20717.0,76.7,4.75,2.678959308780229
2004-10-01,55.8,12855.0,North West,2004,20717.0,76.9,4.75,2.6934401699087704
2004-11-01,56.5,11333.0,North West,2004,20717.0,77.0,4.75,2.727228845875368
2004-12-01,56.6,11295.0,North West,2004,20717.0,77.4,4.75,2.7320557995848818
2005-01-01,56.0,7343.0,North West,2005,21777.0,77.0,4.75,2.5715204114432657
2005-02-01,55.4,7712.0,North West,2005,21777.0,77.2,4.75,2.543968407034945
2005-03-01,57.0,9079.0,North West,2005,21777.0,77.5,4.75,2.617440418790467
2005-04-01,58.0,10896.0,North West,2005,21777.0,77.8,4.75,2.663360426137668
2005-05-01,59.3,10801.0,North West,2005,21777.0,78.1,4.75,2.72305643568903
2005-06-01,60.1,12211.0,North West,2005,21777.0,78.1,4.75,2.7597924415667907
2005-07-01,60.8,12482.0,North West,2005,21777.0,78.2,4.75,2.7919364467098315
2005-08-01,61.4,11919.0,North West,2005,21777.0,78.4,4.75,2.819488451118152
2005-09-01,61.4,12695.0,North West,2005,21777.0,78.6,4.5,2.819488451118152
2005-10-01,61.2,11373.0,North West,2005,21777.0,78.7,4.5,2.810304449648712
2005-11-01,61.4,11646.0,North West,2005,21777.0,78.7,4.5,2.819488451118152
2005-12-01,62.4,13313.0,North West,2005,21777.0,78.9,4.5,2.865408458465353
2006-01-01,61.3,9299.0,North West,2006,22000.0,78.5,4.5,2.786363636363636
2006-02-01,62.0,9928.0,North West,2006,22000.0,78.8,4.5,2.8181818181818183
2006-03-01,61.8,13234.0,North West,2006,22000.0,78.9,4.5,2.809090909090909
2006-04-01,64.0,11814.0,North West,2006,22000.0,79.4,4.5,2.9090909090909087
2006-05-01,64.2,13340.0,North West,2006,22000.0,79.9,4.5,2.9181818181818184
2006-06-01,65.2,15763.0,North West,2006,22000.0,80.1,4.5,2.9636363636363634
2006-07-01,65.8,13848.0,North West,2006,22000.0,80.0,4.5,2.9909090909090907
2006-08-01,66.0,14509.0,North West,2006,22000.0,80.4,4.5,3.0
2006-09-01,66.6,14490.0,North West,2006,22000.0,80.5,4.75,3.027272727272727
2006-10-01,66.5,14135.0,North West,2006,22000.0,80.6,4.75,3.022727272727273
2006-11-01,67.0,14994.0,North West,2006,22000.0,80.8,4.75,3.045454545454546
2006-12-01,67.8,15679.0,North West,2006,22000.0,81.3,5.0,3.0818181818181816
2007-01-01,67.3,10718.0,North West,2007,22889.0,80.6,5.0,2.9402769889466556
2007-02-01,67.7,11229.0,North West,2007,22889.0,81.0,5.25,2.9577526322687757
2007-03-01,67.8,13744.0,North West,2007,22889.0,81.4,5.25,2.9621215430993053
2007-04-01,69.0,12406.0,North West,2007,22889.0,81.6,5.25,3.014548473065665
2007-05-01,69.6,13623.0,North West,2007,22889.0,81.8,5.25,3.040761938048844
2007-06-01,70.6,15600.0,North West,2007,22889.0,82.0,5.5,3.0844510463541437
2007-07-01,70.8,14735.0,North West,2007,22889.0,81.5,5.5,3.0931888680152038
2007-08-01,71.4,15679.0,North West,2007,22889.0,81.8,5.75,3.119402332998384
2007-09-01,71.2,12666.0,North West,2007,22889.0,81.9,5.75,3.1106645113373235
2007-10-01,71.3,13058.0,North West,2007,22889.0,82.3,5.75,3.1150334221678535
2007-11-01,71.0,13321.0,North West,2007,22889.0,82.5,5.75,3.101926689676264
2007-12-01,71.8,10891.0,North West,2007,22889.0,83.0,5.75,3.1368779763205032
2008-01-01,69.9,7384.0,North West,2008,23740.0,82.4,5.5,2.9443976411120474
2008-02-01,69.2,8133.0,North West,2008,23740.0,83.0,5.5,2.9149115417017692
2008-03-01,68.3,7746.0,North West,2008,23740.0,83.4,5.25,2.877000842459983
2008-04-01,69.4,8083.0,North West,2008,23740.0,84.0,5.25,2.9233361415332775
2008-05-01,69.1,8044.0,North West,2008,23740.0,84.6,5.0,2.910699241786015
2008-06-01,68.8,7010.0,North West,2008,23740.0,85.2,5.0,2.8980623420387532
2008-07-01,67.8,6658.0,North West,2008,23740.0,85.1,5.0,2.855939342881213
2008-08-01,67.0,5854.0,North West,2008,23740.0,85.7,5.0,2.8222409435551814
2008-09-01,65.0,5069.0,North West,2008,23740.0,86.1,5.0,2.7379949452401013
2008-10-01,64.3,5259.0,North West,2008,23740.0,85.9,5.0,2.7085088458298228
2008-11-01,62.6,4412.0,North West,2008,23740.0,85.8,4.5,2.6368997472620053
2008-12-01,62.0,4694.0,North West,2008,23740.0,85.5,3.0,2.611625947767481
2009-01-01,60.1,3128.0,North West,2009,24020.0,84.9,2.0,2.502081598667777
2009-02-01,59.8,3232.0,North West,2009,24020.0,85.6,1.5,2.4895920066611157
2009-03-01,58.7,4298.0,North West,2009,24020.0,85.8,1.0,2.443796835970025
2009-04-01,60.2,4467.0,North West,2009,24020.0,86.0,0.5,2.506244796003331
2009-05-01,60.4,4980.0,North West,2009,24020.0,86.4,0.5,2.5145711906744377
2009-06-01,60.7,5807.0,North West,2009,24020.0,86.7,0.5,2.527060782681099
2009-07-01,61.6,6717.0,North West,2009,24020.0,86.7,0.5,2.5645295587010826
2009-08-01,62.1,6010.0,North West,2009,24020.0,87.0,0.5,2.585345545378851
2009-09-01,62.4,5975.0,North West,2009,24020.0,87.1,0.5,2.597835137385512
2009-10-01,62.8,6903.0,North West,2009,24020.0,87.2,0.5,2.6144879267277266
2009-11-01,63.0,6594.0,North West,2009,24020.0,87.5,0.5,2.6228143213988346
2009-12-01,64.0,8285.0,North West,2009,24020.0,88.0,0.5,2.6644462947543714
2010-01-01,61.7,3595.0,North West,2010,24127.0,87.8,0.5,2.5573009491441123
2010-02-01,62.7,4713.0,North West,2010,24127.0,88.2,0.5,2.5987482902971775
2010-03-01,61.9,5662.0,North West,2010,24127.0,88.7,0.5,2.5655904173747253
2010-04-01,63.2,5652.0,North West,2010,24127.0,89.2,0.5,2.61947196087371
2010-05-01,63.3,5625.0,North West,2010,24127.0,89.4,0.5,2.6236166949890163
2010-06-01,63.5,6569.0,North West,2010,24127.0,89.5,0.5,2.6319061632196297
2010-07-01,63.1,7189.0,North West,2010,24127.0,89.3,0.5,2.6153272267584033
2010-08-01,64.0,6561.0,North West,2010,24127.0,89.8,0.5,2.652629833796162
2010-09-01,63.3,5981.0,North West,2010,24127.0,89.8,0.5,2.6236166949890163
2010-10-01,62.7,6273.0,North West,2010,24127.0,90.0,0.5,2.5987482902971775
2010-11-01,61.8,6126.0,North West,2010,24127.0,90.3,0.5,2.561445683259419
2010-12-01,61.9,6181.0,North West,2010,24127.0,91.2,0.5,2.5655904173747253
2011-01-01,61.2,4141.0,North West,2011,24167.0,91.3,0.5,2.532378863739811
2011-02-01,60.8,4334.0,North West,2011,24167.0,92.0,0.5,2.515827367898374
2011-03-01,60.2,5365.0,North West,2011,24167.0,92.2,0.5,2.4910001241362187
2011-04-01,61.0,5694.0,North West,2011,24167.0,93.2,0.5,2.5241031158190923
2011-05-01,60.7,5513.0,North West,2011,24167.0,93.4,0.5,2.5116894939380146
2011-06-01,60.5,6255.0,North West,2011,24167.0,93.3,0.5,2.5034137460172965
2011-07-01,61.4,6720.0,North West,2011,24167.0,93.3,0.5,2.540654611660529
2011-08-01,61.9,6559.0,North West,2011,24167.0,93.8,0.5,2.5613439814623242
2011-09-01,61.5,6788.0,North West,2011,24167.0,94.4,0.5,2.5447924856208877
2011-10-01,61.1,6239.0,North West,2011,24167.0,94.5,0.5,2.528240989779451
2011-11-01,60.0,6301.0,North West,2011,24167.0,94.6,0.5,2.4827243762155007
2011-12-01,60.3,6951.0,North West,2011,24167.0,95.1,0.5,2.4951379980965775
2012-01-01,59.3,4594.0,North West,2012,24603.0,94.6,0.5,2.4102751696947524
2012-02-01,60.0,4708.0,North West,2012,24603.0,95.1,0.5,2.4387269845140835
2012-03-01,60.2,6407.0,North West,2012,24603.0,95.4,0.5,2.4468560744624637
2012-04-01,60.4,4826.0,North West,2012,24603.0,96.0,0.5,2.4549851644108442
2012-05-01,60.0,5600.0,North West,2012,24603.0,95.9,0.5,2.4387269845140835
2012-06-01,61.2,6123.0,North West,2012,24603.0,95.5,0.5,2.487501524204365
2012-07-01,60.8,6239.0,North West,2012,24603.0,95.6,0.5,2.4712433443076045
2012-08-01,61.3,6662.0,North West,2012,24603.0,96.1,0.5,2.4915660691785555
2012-09-01,61.2,5423.0,North West,2012,24603.0,96.5,0.5,2.487501524204365
2012-10-01,59.8,6120.0,North West,2012,24603.0,97.0,0.5,2.4305978945657034
2012-11-01,60.7,6785.0,North West,2012,24603.0,97.2,0.5,2.4671787993334147
2012-12-01,60.2,5992.0,North West,2012,24603.0,97.6,0.5,2.4468560744624637
2013-01-01,58.7,4608.0,North West,2013,25111.0,97.1,0.5,2.337620962924615
2013-02-01,59.9,4966.0,North West,2013,25111.0,97.8,0.5,2.385408784994624
2013-03-01,59.8,6014.0,North West,2013,25111.0,98.1,0.5,2.3814264664887896
2013-04-01,60.1,5557.0,North West,2013,25111.0,98.3,0.5,2.393373422006292
2013-05-01,60.3,7378.0,North West,2013,25111.0,98.5,0.5,2.4013380590179603
2013-06-01,61.1,7102.0,North West,2013,25111.0,98.3,0.5,2.4331966070646334
2013-07-01,61.1,7851.0,North West,2013,25111.0,98.3,0.5,2.4331966070646334
2013-08-01,62.0,8325.0,North West,2013,25111.0,98.7,0.5,2.46903747361714
2013-09-01,61.9,7364.0,North West,2013,25111.0,99.1,0.5,2.4650551551113056
2013-10-01,60.8,8282.0,North West,2013,25111.0,99.1,0.5,2.421249651547131
2013-11-01,61.3,9452.0,North West,2013,25111.0,99.2,0.5,2.441161244076301
2013-12-01,61.9,8802.0,North West,2013,25111.0,99.6,0.5,2.4650551551113056
2014-01-01,61.1,7391.0,North West,2014,25262.0,99.0,0.5,2.4186525215739056
2014-02-01,61.9,7415.0,North West,2014,25262.0,99.5,0.5,2.450320639695986
2014-03-01,61.3,8139.0,North West,2014,25262.0,99.7,0.5,2.4265695511044254
2014-04-01,62.9,8203.0,North West,2014,25262.0,100.1,0.5,2.4899057873485866
2014-05-01,63.2,9238.0,North West,2014,25262.0,100.0,0.5,2.5017813316443673
2014-06-01,64.0,9386.0,North West,2014,25262.0,100.2,0.5,2.5334494497664477
2014-07-01,64.4,9619.0,North West,2014,25262.0,99.9,0.5,2.549283508827488
2014-08-01,65.1,9847.0,North West,2014,25262.0,100.2,0.5,2.5769931121843084
2014-09-01,65.0,8962.0,North West,2014,25262.0,100.3,0.5,2.5730345974190483
2014-10-01,64.7,10070.0,North West,2014,25262.0,100.4,0.5,2.5611590531232684
2014-11-01,64.5,8608.0,North West,2014,25262.0,100.1,0.5,2.5532420235927478
2014-12-01,64.4,9144.0,North West,2014,25262.0,100.1,0.5,2.549283508827488
2015-01-01,64.1,6522.0,North West,2015,25667.0,99.3,0.5,2.4973701640238435
2015-02-01,64.6,7063.0,North West,2015,25667.0,99.5,0.5,2.5168504305138892
2015-03-01,63.7,8391.0,North West,2015,25667.0,99.7,0.5,2.4817859508318074
2015-04-01,64.7,7762.0,North West,2015,25667.0,99.9,0.5,2.5207464838118985
2015-05-01,65.8,9106.0,North West,2015,25667.0,100.1,0.5,2.5636030700899988
2015-06-01,65.6,9844.0,North West,2015,25667.0,100.2,0.5,2.5558109634939803
2015-07-01,66.7,11048.0,North West,2015,25667.0,100.0,0.5,2.598667549772081
2015-08-01,67.1,9861.0,North West,2015,25667.0,100.3,0.5,2.614251762964117
2015-09-01,67.3,9734.0,North West,2015,25667.0,100.2,0.5,2.6220438695601356
2015-10-01,66.9,10998.0,North West,2015,25667.0,100.3,0.5,2.6064596563680995
2015-11-01,67.3,9764.0,North West,2015,25667.0,100.3,0.5,2.6220438695601356
2015-12-01,67.3,9806.0,North West,2015,25667.0,100.3,0.5,2.6220438695601356
2016-01-01,67.4,7255.0,North West,2016,26220.0,99.5,0.5,2.570556826849733
2016-02-01,67.4,8119.0,North West,2016,26220.0,99.8,0.5,2.570556826849733
2016-03-01,66.6,14602.0,North West,2016,26220.0,100.2,0.5,2.5400457665903886
2016-04-01,69.1,7127.0,North West,2016,26220.0,100.2,0.5,2.6353928299008387
2016-05-01,69.6,7780.0,North West,2016,26220.0,100.4,0.5,2.654462242562929
2016-06-01,69.8,9313.0,North West,2016,26220.0,100.6,0.5,2.662090007627765
2016-07-01,70.8,10423.0,North West,2016,26220.0,100.6,0.5,2.7002288329519453
2016-08-01,70.8,10215.0,North West,2016,26220.0,100.9,0.5,2.7002288329519453
2016-09-01,70.7,9874.0,North West,2016,26220.0,101.1,0.25,2.6964149504195274
2016-10-01,69.9,9427.0,North West,2016,26220.0,101.2,0.25,2.6659038901601835
2016-11-01,70.5,10014.0,North West,2016,26220.0,101.4,0.25,2.688787185354691
2016-12-01,70.5,10679.0,North West,2016,26220.0,101.9,0.25,2.688787185354691
2017-01-01,70.4,7558.0,North West,2017,26754.0,101.4,0.25,2.6313822232189583
2017-02-01,71.1,8018.0,North West,2017,26754.0,102.1,0.25,2.6575465350975556
2017-03-01,70.5,10049.0,North West,2017,26754.0,102.5,0.25,2.635119982058758
2017-04-01,71.7,8078.0,North West,2017,26754.0,102.9,0.25,2.6799730881363537
2017-05-01,72.1,9525.0,North West,2017,26754.0,103.3,0.25,2.694924123495552
2017-06-01,73.1,11140.0,North West,2017,26754.0,103.3,0.25,2.732301711893548
2017-07-01,73.9,10112.0,North West,2017,26754.0,103.2,0.25,2.7622037826119463
2017-08-01,74.6,10927.0,North West,2017,26754.0,103.8,0.25,2.788368094490543
2017-09-01,74.3,10879.0,North West,2017,26754.0,104.1,0.25,2.7771548179711445
2017-10-01,74.1,10428.0,North West,2017,26754.0,104.2,0.25,2.769679300291545
2017-11-01,74.3,10652.0,North West,2017,26754.0,104.6,0.25,2.7771548179711445
2017-12-01,74.8,10472.0,North West,2017,26754.0,104.9,0.5,2.7958436121701427
2018-01-01,73.3,7548.0,North West,2018,27376.0,104.4,0.5,2.677527761542957
2018-02-01,74.2,8121.0,North West,2018,27376.0,104.9,0.5,2.7104032729398013
2018-03-01,73.3,9632.0,North West,2018,27376.0,105.0,0.5,2.677527761542957
2018-04-01,74.3,8142.0,North West,2018,27376.0,105.4,0.5,2.714056107539451
2018-05-01,74.8,9330.0,North West,2018,27376.0,105.8,0.5,2.732320280537697
2018-06-01,75.5,10916.0,North West,2018,27376.0,105.8,0.5,2.757890122735242
2018-07-01,76.5,9863.0,North West,2018,27376.0,105.8,0.5,2.7944184687317355
2018-08-01,76.8,11323.0,North West,2018,27376.0,106.5,0.5,2.805376972530684
2018-09-01,76.8,9316.0,North West,2018,27376.0,106.6,0.75,2.805376972530684
2018-10-01,77.2,10808.0,North West,2018,27376.0,106.7,0.75,2.8199883109292814
2018-11-01,76.9,11510.0,North West,2018,27376.0,107.0,0.75,2.8090298071303335
2018-12-01,76.7,9399.0,North West,2018,27376.0,107.1,0.75,2.8017241379310343
2019-01-01,76.0,7213.0,North West,2019,28175.0,106.3,0.75,2.697426796805679
2019-02-01,76.4,8379.0,North West,2019,28175.0,106.8,0.75,2.7116237799467613
2019-03-01,75.7,9346.0,North West,2019,28175.0,107.0,0.75,2.6867790594498673
2019-04-01,76.4,8505.0,North West,2019,28175.0,107.6,0.75,2.7116237799467613
2019-05-01,77.3,9787.0,North West,2019,28175.0,107.9,0.75,2.7435669920141965
2019-06-01,77.2,9618.0,North West,2019,28175.0,107.9,0.75,2.740017746228926
2019-07-01,78.3,9847.0,North West,2019,28175.0,107.9,0.75,2.7790594498669035
2019-08-01,79.0,10769.0,North West,2019,28175.0,108.4,0.75,2.8039041703637975
2019-09-01,78.7,9532.0,North West,2019,28175.0,108.5,0.75,2.793256433007986
2019-10-01,78.6,10330.0,North West,2019,28175.0,108.3,0.75,2.789707187222715
2019-11-01,78.2,10721.0,North West,2019,28175.0,108.5,0.75,2.7755102040816326
2019-12-01,77.8,9462.0,North West,2019,28175.0,108.5,0.75,2.76131322094055
2020-01-01,77.5,7795.0,North West,2020,29459.0,108.2,0.75,2.6307749753895244
2020-02-01,77.6,7806.0,North West,2020,29459.0,108.6,0.75,2.6341695237448657
2020-03-01,78.5,7883.0,North West,2020,29459.0,108.6,0.75,2.664720458942938
2020-04-01,77.2,3162.0,North West,2020,29459.0,108.5,0.1,2.6205913303235007
2020-05-01,77.4,4431.0,North West,2020,29459.0,108.5,0.1,2.627380427034183
2020-06-01,79.5,6449.0,North West,2020,29459.0,108.6,0.1,2.698665942496351
2020-07-01,80.7,7407.0,North West,2020,29459.0,109.1,0.1,2.7394005227604468
2020-08-01,81.7,7879.0,North West,2020,29459.0,108.6,0.1,2.7733460063138597
2020-09-01,82.1,8791.0,North West,2020,29459.0,109.1,0.1,2.7869241997352248
2020-10-01,83.8,10568.0,North West,2020,29459.0,109.1,0.1,2.8446315217760274
2020-11-01,84.1,10429.0,North West,2020,29459.0,108.9,0.1,2.8548151668420516
2020-12-01,85.6,11097.0,North West,2020,29459.0,109.2,0.1,2.9057333921721713
2021-01-01,86.3,9044.0,North West,2021,29371.0,109.0,0.1,2.938272445609615
2021-02-01,87.7,11431.0,North West,2021,29371.0,109.1,0.1,2.9859385107759353
2021-03-01,89.1,15003.0,North West,2021,29371.0,109.4,0.1,3.0336045759422556
2021-04-01,87.4,10414.0,North West,2021,29371.0,110.1,0.1,2.9757243539545812
2021-05-01,87.6,9652.0,North West,2021,29371.0,110.8,0.1,2.982533791835484
2021-06-01,94.8,17317.0,North West,2021,29371.0,111.3,0.1,3.2276735555479896
2021-07-01,87.0,8974.0,North West,2021,29371.0,111.3,0.1,2.9621054781927754
2021-08-01,90.4,10651.0,North West,2021,29371.0,112.1,0.1,3.077865922168125
2021-09-01,94.8,16386.0,North West,2021,29371.0,112.4,0.1,3.2276735555479896
2021-10-01,89.7,8055.0,North West,2021,29371.0,113.6,0.1,3.0540328895849647
2021-11-01,92.5,9761.0,North West,2021,29371.0,114.5,0.1,3.1493650199176058
2021-12-01,93.9,10645.0,North West,2021,29371.0,115.1,0.1,3.1970310850839265
2022-01-01,94.5,7910.0,North West,2022,30698.0,114.9,0.25,3.0783764414619843
2022-02-01,94.7,8905.0,North West,2022,30698.0,115.8,0.25,3.0848915238777774
2022-03-01,95.2,10287.0,North West,2022,30698.0,117.1,0.5,3.1011792299172587
2022-04-01,96.7,9370.0,North West,2022,30698.0,120.0,0.75,3.150042348035703
2022-05-01,97.7,9159.0,North West,2022,30698.0,120.8,0.75,3.1826177601146655
2022-06-01,98.4,9379.0,North West,2022,30698.0,121.8,1.0,3.2054205485699394
2022-07-01,100.9,10309.0,North West,2022,30698.0,122.5,1.25,3.2868590787673466
2022-08-01,101.7,10338.0,North West,2022,30698.0,123.1,1.25,3.312919408430517
2022-09-01,102.7,10294.0,North West,2022,30698.0,123.8,1.75,3.3454948205094794
2022-10-01,102.3,9928.0,North West,2022,30698.0,126.2,2.25,3.332464655677894
2022-11-01,102.7,10311.0,North West,2022,30698.0,126.7,2.25,3.3454948205094794
2022-12-01,101.7,9553.0,North West,2022,30698.0,127.2,3.0,3.312919408430517
2023-01-01,100.0,6717.0,North West,2023,33078.0,126.4,3.5,3.023157385573493
2023-02-01,99.5,7027.0,North West,2023,33078.0,127.9,3.5,3.0080415986456255
2023-03-01,98.4,7884.0,North West,2023,33078.0,128.9,4.0,2.974786867404317
2023-04-01,98.4,5696.0,North West,2023,33078.0,130.4,4.25,2.974786867404317
2023-05-01,99.4,6135.0,North West,2023,33078.0,131.3,4.25,3.0050184412600522
2023-06-01,100.2,7426.0,North West,2023,33078.0,131.5,4.5,3.0292037003446404
2023-07-01,100.8,7032.0,North West,2023,33078.0,130.9,5.0,3.047342644658081
2023-08-01,101.5,7895.0,North West,2023,33078.0,131.3,5.0,3.068504746357095
2023-09-01,101.6,7828.0,North West,2023,33078.0,132.0,5.25,3.0715279037426684
2023-10-01,101.7,7685.0,North West,2023,33078.0,132.0,5.25,3.074551061128242
2023-11-01,101.0,7363.0,North West,2023,33078.0,131.7,5.25,3.053388959429228
2023-12-01,101.4,6990.0,North West,2023,33078.0,132.2,5.25,3.065481588971522
2024-01-01,99.6,5688.0,North West,2024,35176.0,131.5,5.25,2.831476006367978
2024-02-01,99.4,6506.0,North West,2024,35176.0,132.3,5.25,2.8257903115760747
2024-03-01,100.4,7449.0,North West,2024,35176.0,133.0,5.25,2.8542187855355925
2024-04-01,100.5,6526.0,North West,2024,35176.0,133.5,5.25,2.857061632931544
2024-05-01,102.6,8186.0,North West,2024,35176.0,133.9,5.25,2.9167614282465313
2024-06-01,102.3,7659.0,North West,2024,35176.0,134.1,5.25,2.908232886058676
2024-07-01,103.1,8772.0,North West,2024,35176.0,133.8,5.25,2.9309756652262906
2024-08-01,105.0,9458.0,North West,2024,35176.0,134.3,5.0,2.9849897657493742
2024-09-01,105.3,8507.0,North West,2024,35176.0,134.2,5.0,2.99351830793723
2024-10-01,105.2,9697.0,North West,2024,35176.0,135.0,5.0,2.9906754605412784
2024-11-01,105.4,9559.0,North West,2024,35176.0,135.1,5.0,2.996361155333182
2024-12-01,105.3,8701.0,North West,2024,35176.0,135.6,4.75,2.99351830793723
2025-01-01,105.3,7350.0,North West,2025,37361.0,135.4,4.75,2.81844704370868
2025-02-01,105.9,8575.0,North West,2025,37361.0,136.0,4.75,2.8345065710232595
2025-03-01,109.6,14906.0,North West,2025,37361.0,136.5,4.5,2.9335403227964987
2025-04-01,102.1,5018.0,North West,2025,37361.0,138.2,4.5,2.7327962313642566
2025-05-01,105.1,7542.0,North West,2025,37361.0,138.4,4.5,2.8130938679371535
2025-06-01,106.5,8162.0,North West,2025,37361.0,138.9,4.25,2.850566098337839
2025-07-01,107.5,8852.0,North West,2025,37361.0,139.0,4.25,2.877331977195471
2025-08-01,109.4,9089.0,North West,2025,37361.0,139.3,4.25,2.9281871470249725
2025-09-01,108.4,8014.0,North West,2025,37361.0,139.3,4.0,2.9014212681673404
2025-10-01,109.2,9063.0,North West,2025,37361.0,139.8,4.0,2.9228339712534464
2025-11-01,110.5,7594.0,North West,2025,37361.0,139.5,4.0,2.957629613768368
2025-12-01,109.5,7473.0,North West,2025,37361.0,140.1,4.0,2.930863734910736
2026-01-01,108.9,5357.0,North West,2026,37361.0,139.5,3.75,2.9148042075961564
2026-02-01,109.4,5607.0,North West,2026,37361.0,140.1,3.75,2.9281871470249725
2026-03-01,109.1,5657.0,North West,2026,37361.0,141.0,3.75,2.9201573833676826
2026-04-01,109.6,,North West,2026,37361.0,142.1,3.75,2.9335403227964987
2026-05-01,111.1,,North West,2026,37361.0,142.4,3.75,2.9736891410829474
2000-06-01,30.0,18898.0,South East,2000,19992.0,72.9,6.0,1.5006002400960385
2000-07-01,30.3,17194.0,South East,2000,19992.0,72.5,6.0,1.515606242496999
2000-08-01,30.9,16616.0,South East,2000,19992.0,72.5,6.0,1.5456182472989195
2000-09-01,30.7,14783.0,South East,2000,19992.0,73.1,6.0,1.5356142456982793
2000-10-01,30.8,14105.0,South East,2000,19992.0,73.1,6.0,1.5406162464985993
2000-11-01,30.6,14326.0,South East,2000,19992.0,73.2,6.0,1.5306122448979593
2000-12-01,30.9,15570.0,South East,2000,19992.0,73.2,6.0,1.5456182472989195
2001-01-01,30.8,11592.0,South East,2001,20907.0,72.6,6.0,1.4731907973406035
2001-02-01,31.0,11954.0,South East,2001,20907.0,72.7,6.0,1.482756971349309
2001-03-01,31.4,15488.0,South East,2001,20907.0,73.0,5.75,1.5018893193667193
2001-04-01,32.2,16149.0,South East,2001,20907.0,73.4,5.75,1.5401540154015403
2001-05-01,32.5,18174.0,South East,2001,20907.0,74.0,5.5,1.554503276414598
2001-06-01,33.2,20497.0,South East,2001,20907.0,74.1,5.25,1.5879848854450664
2001-07-01,33.7,20908.0,South East,2001,20907.0,73.6,5.25,1.6119003204668294
2001-08-01,34.2,22886.0,South East,2001,20907.0,73.9,5.25,1.6358157554885926
2001-09-01,34.5,17634.0,South East,2001,20907.0,74.1,5.0,1.6501650165016502
2001-10-01,34.8,18710.0,South East,2001,20907.0,73.9,4.75,1.6645142775147077
2001-11-01,35.2,18551.0,South East,2001,20907.0,73.8,4.5,1.6836466255321185
2001-12-01,35.5,16197.0,South East,2001,20907.0,74.0,4.0,1.6979958865451763
2002-01-01,35.6,12444.0,South East,2002,21940.0,73.7,4.0,1.6226071103008204
2002-02-01,35.5,13195.0,South East,2002,21940.0,73.8,4.0,1.618049225159526
2002-03-01,36.2,17178.0,South East,2002,21940.0,74.1,4.0,1.6499544211485873
2002-04-01,36.9,17711.0,South East,2002,21940.0,74.4,4.0,1.681859617137648
2002-05-01,37.9,23418.0,South East,2002,21940.0,74.6,4.0,1.7274384685505924
2002-06-01,38.8,18724.0,South East,2002,21940.0,74.6,4.0,1.7684594348222424
2002-07-01,39.8,23206.0,South East,2002,21940.0,74.4,4.0,1.814038286235187
2002-08-01,41.0,23217.0,South East,2002,21940.0,74.6,4.0,1.86873290793072
2002-09-01,41.5,18618.0,South East,2002,21940.0,74.8,4.0,1.8915223336371925
2002-10-01,42.2,18736.0,South East,2002,21940.0,74.9,4.0,1.9234275296262535
2002-11-01,42.9,18555.0,South East,2002,21940.0,74.9,4.0,1.9553327256153146
2002-12-01,43.4,17777.0,South East,2002,21940.0,75.2,4.0,1.9781221513217868
2003-01-01,43.9,13737.0,South East,2003,22843.0,74.7,4.0,1.9218141224882894
2003-02-01,44.0,12777.0,South East,2003,22843.0,75.0,4.0,1.9261918311955524
2003-03-01,44.4,12762.0,South East,2003,22843.0,75.3,3.75,1.9437026660246026
2003-04-01,44.8,13692.0,South East,2003,22843.0,75.5,3.75,1.961213500853653
2003-05-01,45.2,14970.0,South East,2003,22843.0,75.5,3.75,1.9787243356827038
2003-06-01,45.6,15071.0,South East,2003,22843.0,75.4,3.75,1.9962351705117543
2003-07-01,46.1,17457.0,South East,2003,22843.0,75.3,3.75,2.0181237140480675
2003-08-01,46.2,18329.0,South East,2003,22843.0,75.6,3.5,2.02250142275533
2003-09-01,45.8,18160.0,South East,2003,22843.0,75.9,3.5,2.004990587926279
2003-10-01,46.6,20081.0,South East,2003,22843.0,76.0,3.5,2.0400122575843804
2003-11-01,46.8,19055.0,South East,2003,22843.0,75.9,3.5,2.0487676749989054
2003-12-01,47.0,20275.0,South East,2003,22843.0,76.2,3.75,2.057523092413431
2004-01-01,47.3,15524.0,South East,2004,23748.0,75.8,3.75,1.9917466734040759
2004-02-01,47.6,14951.0,South East,2004,23748.0,76.0,3.75,2.004379316152939
2004-03-01,48.0,16856.0,South East,2004,23748.0,76.1,4.0,2.02122283981809
2004-04-01,48.5,19484.0,South East,2004,23748.0,76.4,4.0,2.042277244399528
2004-05-01,49.3,18081.0,South East,2004,23748.0,76.6,4.0,2.0759642917298295
2004-06-01,50.0,20246.0,South East,2004,23748.0,76.6,4.25,2.1054404581438435
2004-07-01,50.6,21788.0,South East,2004,23748.0,76.4,4.5,2.13070574364157
2004-08-01,51.5,19631.0,South East,2004,23748.0,76.6,4.5,2.168603671888159
2004-09-01,51.4,16683.0,South East,2004,23748.0,76.7,4.75,2.164392790971871
2004-10-01,51.3,15377.0,South East,2004,23748.0,76.9,4.75,2.1601819100555835
2004-11-01,51.8,13754.0,South East,2004,23748.0,77.0,4.75,2.181236314637022
2004-12-01,51.4,13851.0,South East,2004,23748.0,77.4,4.75,2.164392790971871
2005-01-01,50.8,9243.0,South East,2005,24229.0,77.0,4.75,2.0966610260431713
2005-02-01,51.1,9441.0,South East,2005,24229.0,77.2,4.75,2.1090428824961824
2005-03-01,51.1,11332.0,South East,2005,24229.0,77.5,4.75,2.1090428824961824
2005-04-01,51.5,13136.0,South East,2005,24229.0,77.8,4.75,2.12555202443353
2005-05-01,51.7,13834.0,South East,2005,24229.0,78.1,4.75,2.133806595402204
2005-06-01,51.8,16154.0,South East,2005,24229.0,78.1,4.75,2.1379338808865405
2005-07-01,52.1,16990.0,South East,2005,24229.0,78.2,4.75,2.1503157373395516
2005-08-01,52.2,16820.0,South East,2005,24229.0,78.4,4.75,2.1544430228238887
2005-09-01,52.3,16735.0,South East,2005,24229.0,78.6,4.5,2.1585703083082257
2005-10-01,51.8,15508.0,South East,2005,24229.0,78.7,4.5,2.1379338808865405
2005-11-01,52.1,16303.0,South East,2005,24229.0,78.7,4.5,2.1503157373395516
2005-12-01,52.2,18119.0,South East,2005,24229.0,78.9,4.5,2.1544430228238887
2006-01-01,52.3,13048.0,South East,2006,24798.0,78.5,4.5,2.1090410516977176
2006-02-01,52.5,13361.0,South East,2006,24798.0,78.8,4.5,2.1171062182434066
2006-03-01,52.7,17079.0,South East,2006,24798.0,78.9,4.5,2.125171384789096
2006-04-01,53.3,15992.0,South East,2006,24798.0,79.4,4.5,2.149366884426163
2006-05-01,54.2,17990.0,South East,2006,24798.0,79.9,4.5,2.1856601338817647
2006-06-01,54.5,21344.0,South East,2006,24798.0,80.1,4.5,2.1977578837002985
2006-07-01,55.0,20373.0,South East,2006,24798.0,80.0,4.5,2.2179208000645216
2006-08-01,55.4,22478.0,South East,2006,24798.0,80.4,4.5,2.234051133155899
2006-09-01,55.8,20639.0,South East,2006,24798.0,80.5,4.75,2.2501814662472777
2006-10-01,55.8,19698.0,South East,2006,24798.0,80.6,4.75,2.2501814662472777
2006-11-01,56.3,19570.0,South East,2006,24798.0,80.8,4.75,2.270344382611501
2006-12-01,57.0,20999.0,South East,2006,24798.0,81.3,5.0,2.298572465521413
2007-01-01,57.3,15462.0,South East,2007,25583.0,80.6,5.0,2.239768596333503
2007-02-01,57.1,14947.0,South East,2007,25583.0,81.0,5.25,2.2319509048977837
2007-03-01,57.6,17562.0,South East,2007,25583.0,81.4,5.25,2.251495133487081
2007-04-01,58.6,15898.0,South East,2007,25583.0,81.6,5.25,2.2905835906656766
2007-05-01,59.8,18656.0,South East,2007,25583.0,81.8,5.25,2.3374897392799903
2007-06-01,60.2,21237.0,South East,2007,25583.0,82.0,5.5,2.353125122151429
2007-07-01,61.3,20581.0,South East,2007,25583.0,81.5,5.5,2.396122425047883
2007-08-01,61.3,22453.0,South East,2007,25583.0,81.8,5.75,2.396122425047883
2007-09-01,61.9,17077.0,South East,2007,25583.0,81.9,5.75,2.4195754993550405
2007-10-01,62.1,18164.0,South East,2007,25583.0,82.3,5.75,2.4273931907907595
2007-11-01,62.0,17067.0,South East,2007,25583.0,82.5,5.75,2.4234843450729
2007-12-01,61.6,13779.0,South East,2007,25583.0,83.0,5.75,2.407848962201462
2008-01-01,61.1,9842.0,South East,2008,26778.0,82.4,5.5,2.2817238031219658
2008-02-01,60.2,10386.0,South East,2008,26778.0,83.0,5.5,2.248114123534245
2008-03-01,60.4,9643.0,South East,2008,26778.0,83.4,5.25,2.2555829412204047
2008-04-01,60.0,10465.0,South East,2008,26778.0,84.0,5.25,2.240645305848084
2008-05-01,60.3,11241.0,South East,2008,26778.0,84.6,5.0,2.2518485323773243
2008-06-01,59.6,10213.0,South East,2008,26778.0,85.2,5.0,2.2257076704757637
2008-07-01,59.2,9011.0,South East,2008,26778.0,85.1,5.0,2.210770035103443
2008-08-01,57.3,8965.0,South East,2008,26778.0,85.7,5.0,2.13981626708492
2008-09-01,55.9,7326.0,South East,2008,26778.0,86.1,5.0,2.0875345432817984
2008-10-01,54.3,7821.0,South East,2008,26778.0,85.9,5.0,2.027784001792516
2008-11-01,52.8,6293.0,South East,2008,26778.0,85.8,4.5,1.971767869146314
2008-12-01,52.1,7110.0,South East,2008,26778.0,85.5,3.0,1.9456270072447532
2009-01-01,50.6,5129.0,South East,2009,27458.0,84.9,2.0,1.8428144802971813
2009-02-01,49.8,4907.0,South East,2009,27458.0,85.6,1.5,1.8136790734940635
2009-03-01,49.7,6482.0,South East,2009,27458.0,85.8,1.0,1.810037147643674
2009-04-01,50.2,7214.0,South East,2009,27458.0,86.0,0.5,1.8282467768956225
2009-05-01,51.1,8509.0,South East,2009,27458.0,86.4,0.5,1.8610241095491298
2009-06-01,51.8,10151.0,South East,2009,27458.0,86.7,0.5,1.8865175905018574
2009-07-01,52.6,12207.0,South East,2009,27458.0,86.7,0.5,1.9156529973049747
2009-08-01,53.7,11294.0,South East,2009,27458.0,87.0,0.5,1.9557141816592614
2009-09-01,54.4,11320.0,South East,2009,27458.0,87.1,0.5,1.9812076626119892
2009-10-01,54.7,12281.0,South East,2009,27458.0,87.2,0.5,1.9921334401631583
2009-11-01,55.1,11681.0,South East,2009,27458.0,87.5,0.5,2.006701143564717
2009-12-01,55.0,14941.0,South East,2009,27458.0,88.0,0.5,2.0030592177143274
2010-01-01,56.6,6601.0,South East,2010,27503.0,87.8,0.5,2.0579573137475915
2010-02-01,56.5,8008.0,South East,2010,27503.0,88.2,0.5,2.0543213467621717
2010-03-01,56.3,9308.0,South East,2010,27503.0,88.7,0.5,2.047049412791332
2010-04-01,56.7,9428.0,South East,2010,27503.0,89.2,0.5,2.0615932807330113
2010-05-01,57.3,9441.0,South East,2010,27503.0,89.4,0.5,2.083409082645529
2010-06-01,57.7,11478.0,South East,2010,27503.0,89.5,0.5,2.0979529505872088
2010-07-01,58.4,12572.0,South East,2010,27503.0,89.3,0.5,2.123404719485147
2010-08-01,58.2,11769.0,South East,2010,27503.0,89.8,0.5,2.1161327855143077
2010-09-01,58.4,10823.0,South East,2010,27503.0,89.8,0.5,2.123404719485147
2010-10-01,57.5,10583.0,South East,2010,27503.0,90.0,0.5,2.0906810166163687
2010-11-01,57.1,10240.0,South East,2010,27503.0,90.3,0.5,2.07613714867469
2010-12-01,56.8,10343.0,South East,2010,27503.0,91.2,0.5,2.0652292477184306
2011-01-01,56.3,6847.0,South East,2011,27881.0,91.3,0.5,2.019296294967899
2011-02-01,56.4,7278.0,South East,2011,27881.0,92.0,0.5,2.0228829668950183
2011-03-01,56.1,8146.0,South East,2011,27881.0,92.2,0.5,2.012122951113662
2011-04-01,56.7,9007.0,South East,2011,27881.0,93.2,0.5,2.033642982676375
2011-05-01,56.8,8827.0,South East,2011,27881.0,93.4,0.5,2.037229654603493
2011-06-01,57.0,10180.0,South East,2011,27881.0,93.3,0.5,2.0444029984577314
2011-07-01,57.7,11588.0,South East,2011,27881.0,93.3,0.5,2.069509701947563
2011-08-01,57.3,12033.0,South East,2011,27881.0,93.8,0.5,2.0551630142390875
2011-09-01,57.5,11957.0,South East,2011,27881.0,94.4,0.5,2.062336358093325
2011-10-01,56.7,10459.0,South East,2011,27881.0,94.5,0.5,2.033642982676375
2011-11-01,57.1,11216.0,South East,2011,27881.0,94.6,0.5,2.04798967038485
2011-12-01,57.0,11844.0,South East,2011,27881.0,95.1,0.5,2.0444029984577314
2012-01-01,56.6,8014.0,South East,2012,28175.0,94.6,0.5,2.0088731144631766
2012-02-01,56.8,8297.0,South East,2012,28175.0,95.1,0.5,2.015971606033718
2012-03-01,56.9,11451.0,South East,2012,28175.0,95.4,0.5,2.0195208518189887
2012-04-01,58.0,7533.0,South East,2012,28175.0,96.0,0.5,2.0585625554569655
2012-05-01,58.1,9560.0,South East,2012,28175.0,95.9,0.5,2.062111801242236
2012-06-01,58.3,10728.0,South East,2012,28175.0,95.5,0.5,2.069210292812777
2012-07-01,58.9,11204.0,South East,2012,28175.0,95.6,0.5,2.090505767524401
2012-08-01,59.2,12557.0,South East,2012,28175.0,96.1,0.5,2.101153504880213
2012-09-01,59.4,10140.0,South East,2012,28175.0,96.5,0.5,2.108251996450754
2012-10-01,58.4,10976.0,South East,2012,28175.0,97.0,0.5,2.072759538598048
2012-11-01,58.4,11577.0,South East,2012,28175.0,97.2,0.5,2.072759538598048
2012-12-01,58.7,10312.0,South East,2012,28175.0,97.6,0.5,2.08340727595386
2013-01-01,58.5,8108.0,South East,2013,28315.0,97.1,0.5,2.066042733533463
2013-02-01,58.2,8163.0,South East,2013,28315.0,97.8,0.5,2.0554476425922656
2013-03-01,58.5,9491.0,South East,2013,28315.0,98.1,0.5,2.066042733533463
2013-04-01,59.2,9101.0,South East,2013,28315.0,98.3,0.5,2.090764612396257
2013-05-01,59.3,11770.0,South East,2013,28315.0,98.5,0.5,2.0942963093766553
2013-06-01,60.0,11961.0,South East,2013,28315.0,98.3,0.5,2.119018188239449
2013-07-01,60.7,13795.0,South East,2013,28315.0,98.3,0.5,2.143740067102243
2013-08-01,60.9,15122.0,South East,2013,28315.0,98.7,0.5,2.150803461063041
2013-09-01,61.1,13167.0,South East,2013,28315.0,99.1,0.5,2.157866855023839
2013-10-01,61.1,14569.0,South East,2013,28315.0,99.1,0.5,2.157866855023839
2013-11-01,61.6,15099.0,South East,2013,28315.0,99.2,0.5,2.175525339925834
2013-12-01,62.1,14971.0,South East,2013,28315.0,99.6,0.5,2.19318382482783
2014-01-01,62.6,12253.0,South East,2014,28607.0,99.0,0.5,2.188275596881882
2014-02-01,62.7,12002.0,South East,2014,28607.0,99.5,0.5,2.191771244800224
2014-03-01,63.2,12484.0,South East,2014,28607.0,99.7,0.5,2.209249484391932
2014-04-01,64.2,12835.0,South East,2014,28607.0,100.1,0.5,2.244205963575349
2014-05-01,65.3,13967.0,South East,2014,28607.0,100.0,0.5,2.282658090677107
2014-06-01,65.9,14673.0,South East,2014,28607.0,100.2,0.5,2.3036319781871573
2014-07-01,67.0,15973.0,South East,2014,28607.0,99.9,0.5,2.342084105288915
2014-08-01,67.9,16577.0,South East,2014,28607.0,100.2,0.5,2.3735449365539907
2014-09-01,68.4,14977.0,South East,2014,28607.0,100.3,0.5,2.3910231761456986
2014-10-01,68.5,16051.0,South East,2014,28607.0,100.4,0.5,2.3945188240640403
2014-11-01,68.3,13599.0,South East,2014,28607.0,100.1,0.5,2.387527528227357
2014-12-01,68.7,14439.0,South East,2014,28607.0,100.1,0.5,2.401510119900724
2015-01-01,68.8,10936.0,South East,2015,29031.0,99.3,0.5,2.3698804725982567
2015-02-01,68.8,10909.0,South East,2015,29031.0,99.5,0.5,2.3698804725982567
2015-03-01,68.9,11739.0,South East,2015,29031.0,99.7,0.5,2.3733250663084293
2015-04-01,69.8,11596.0,South East,2015,29031.0,99.9,0.5,2.404326409699976
2015-05-01,70.5,12900.0,South East,2015,29031.0,100.1,0.5,2.428438565671179
2015-06-01,71.5,15232.0,South East,2015,29031.0,100.2,0.5,2.462884502772898
2015-07-01,72.7,16491.0,South East,2015,29031.0,100.0,0.5,2.5042196272949604
2015-08-01,73.6,15511.0,South East,2015,29031.0,100.3,0.5,2.5352209706865074
2015-09-01,73.9,15052.0,South East,2015,29031.0,100.2,0.5,2.5455547518170234
2015-10-01,74.4,16502.0,South East,2015,29031.0,100.3,0.5,2.562777720367883
2015-11-01,75.0,14653.0,South East,2015,29031.0,100.3,0.5,2.583445282628914
2015-12-01,75.7,14723.0,South East,2015,29031.0,100.3,0.5,2.607557438600117
2016-01-01,76.3,11281.0,South East,2016,29700.0,99.5,0.5,2.5690235690235688
2016-02-01,76.8,11988.0,South East,2016,29700.0,99.8,0.5,2.585858585858586
2016-03-01,78.0,21531.0,South East,2016,29700.0,100.2,0.5,2.6262626262626263
2016-04-01,77.4,9325.0,South East,2016,29700.0,100.2,0.5,2.606060606060606
2016-05-01,78.3,10633.0,South East,2016,29700.0,100.4,0.5,2.6363636363636362
2016-06-01,79.3,13226.0,South East,2016,29700.0,100.6,0.5,2.67003367003367
2016-07-01,80.3,14114.0,South East,2016,29700.0,100.6,0.5,2.7037037037037037
2016-08-01,80.6,14632.0,South East,2016,29700.0,100.9,0.5,2.7138047138047137
2016-09-01,79.9,13617.0,South East,2016,29700.0,101.1,0.25,2.6902356902356903
2016-10-01,80.0,12356.0,South East,2016,29700.0,101.2,0.25,2.6936026936026938
2016-11-01,80.0,12669.0,South East,2016,29700.0,101.4,0.25,2.6936026936026938
2016-12-01,80.3,14140.0,South East,2016,29700.0,101.9,0.25,2.7037037037037037
2017-01-01,81.3,10227.0,South East,2017,30236.0,101.4,0.25,2.688847731181373
2017-02-01,80.6,10887.0,South East,2017,30236.0,102.1,0.25,2.6656965207037966
2017-03-01,80.7,12670.0,South East,2017,30236.0,102.5,0.25,2.669003836486308
2017-04-01,81.5,11007.0,South East,2017,30236.0,102.9,0.25,2.695462362746395
2017-05-01,81.9,11895.0,South East,2017,30236.0,103.3,0.25,2.7086916258764386
2017-06-01,82.7,14680.0,South East,2017,30236.0,103.3,0.25,2.735150152136526
2017-07-01,83.4,13952.0,South East,2017,30236.0,103.2,0.25,2.7583013626141026
2017-08-01,84.0,15084.0,South East,2017,30236.0,103.8,0.25,2.778145257309168
2017-09-01,83.8,13696.0,South East,2017,30236.0,104.1,0.25,2.771530625744146
2017-10-01,83.7,13422.0,South East,2017,30236.0,104.2,0.25,2.7682233099616353
2017-11-01,83.2,13141.0,South East,2017,30236.0,104.6,0.25,2.7516867310490807
2017-12-01,83.3,13223.0,South East,2017,30236.0,104.9,0.5,2.7549940468315914
2018-01-01,83.4,10093.0,South East,2018,30849.0,104.4,0.5,2.7034911990664208
2018-02-01,83.5,9950.0,South East,2018,30849.0,104.9,0.5,2.7067327952283704
2018-03-01,83.1,11783.0,South East,2018,30849.0,105.0,0.5,2.6937664105805696
2018-04-01,83.5,9781.0,South East,2018,30849.0,105.4,0.5,2.7067327952283704
2018-05-01,83.6,11436.0,South East,2018,30849.0,105.8,0.5,2.7099743913903205
2018-06-01,84.4,13779.0,South East,2018,30849.0,105.8,0.5,2.735907160685922
2018-07-01,85.0,13184.0,South East,2018,30849.0,105.8,0.5,2.7553567376576225
2018-08-01,85.2,14793.0,South East,2018,30849.0,106.5,0.5,2.761839929981523
2018-09-01,85.0,11992.0,South East,2018,30849.0,106.6,0.75,2.7553567376576225
2018-10-01,84.3,13093.0,South East,2018,30849.0,106.7,0.75,2.7326655645239715
2018-11-01,84.0,13696.0,South East,2018,30849.0,107.0,0.75,2.722940776038121
2018-12-01,83.4,11914.0,South East,2018,30849.0,107.1,0.75,2.7034911990664208
2019-01-01,83.7,9325.0,South East,2019,32127.0,106.3,0.75,2.6052852740685406
2019-02-01,83.2,9410.0,South East,2019,32127.0,106.8,0.75,2.5897220406511656
2019-03-01,82.4,10703.0,South East,2019,32127.0,107.0,0.75,2.564820867183366
2019-04-01,82.9,10174.0,South East,2019,32127.0,107.6,0.75,2.580384100600741
2019-05-01,82.7,11063.0,South East,2019,32127.0,107.9,0.75,2.574158807233791
2019-06-01,83.4,11537.0,South East,2019,32127.0,107.9,0.75,2.5959473340181156
2019-07-01,83.8,12874.0,South East,2019,32127.0,107.9,0.75,2.608397920752015
2019-08-01,83.9,14003.0,South East,2019,32127.0,108.4,0.75,2.6115105674354906
2019-09-01,84.1,11931.0,South East,2019,32127.0,108.5,0.75,2.61773586080244
2019-10-01,83.7,12908.0,South East,2019,32127.0,108.3,0.75,2.6052852740685406
2019-11-01,83.7,13231.0,South East,2019,32127.0,108.5,0.75,2.6052852740685406
2019-12-01,83.5,12615.0,South East,2019,32127.0,108.5,0.75,2.5990599807015906
2020-01-01,83.6,9742.0,South East,2020,32980.0,108.2,0.75,2.5348696179502728
2020-02-01,82.7,9889.0,South East,2020,32980.0,108.6,0.75,2.50758035172832
2020-03-01,84.0,10166.0,South East,2020,32980.0,108.6,0.75,2.5469981807155855
2020-04-01,84.5,4138.0,South East,2020,32980.0,108.5,0.1,2.562158884172226
2020-05-01,83.4,5049.0,South East,2020,32980.0,108.5,0.1,2.528805336567617
2020-06-01,83.7,7833.0,South East,2020,32980.0,108.6,0.1,2.537901758641601
2020-07-01,84.6,9560.0,South East,2020,32980.0,109.1,0.1,2.5651910248635534
2020-08-01,85.6,9855.0,South East,2020,32980.0,108.6,0.1,2.595512431776834
2020-09-01,86.3,11245.0,South East,2020,32980.0,109.1,0.1,2.616737416616131
2020-10-01,86.4,13862.0,South East,2020,32980.0,109.1,0.1,2.6197695573074595
2020-11-01,87.5,13969.0,South East,2020,32980.0,108.9,0.1,2.653123104912068
2020-12-01,87.8,15999.0,South East,2020,32980.0,109.2,0.1,2.662219526986052
2021-01-01,87.1,13837.0,South East,2021,32827.0,109.0,0.1,2.653303682943918
2021-02-01,87.1,17351.0,South East,2021,32827.0,109.1,0.1,2.653303682943918
2021-03-01,88.3,25948.0,South East,2021,32827.0,109.4,0.1,2.6898589575654186
2021-04-01,87.5,15234.0,South East,2021,32827.0,110.1,0.1,2.6654887744844182
2021-05-01,87.8,12933.0,South East,2021,32827.0,110.8,0.1,2.6746275931397934
2021-06-01,91.5,33565.0,South East,2021,32827.0,111.3,0.1,2.78733968988942
2021-07-01,87.6,7150.0,South East,2021,32827.0,111.3,0.1,2.6685350473695433
2021-08-01,90.5,12083.0,South East,2021,32827.0,112.1,0.1,2.7568769610381696
2021-09-01,93.3,22779.0,South East,2021,32827.0,112.4,0.1,2.842172601821671
2021-10-01,91.3,9147.0,South East,2021,32827.0,113.6,0.1,2.7812471441191704
2021-11-01,92.9,11737.0,South East,2021,32827.0,114.5,0.1,2.829987510281171
2021-12-01,93.5,13274.0,South East,2021,32827.0,115.1,0.1,2.8482651475919214
2022-01-01,95.0,10349.0,South East,2022,34500.0,114.9,0.25,2.7536231884057973
2022-02-01,94.8,11495.0,South East,2022,34500.0,115.8,0.25,2.7478260869565214
2022-03-01,95.4,13520.0,South East,2022,34500.0,117.1,0.5,2.765217391304348
2022-04-01,95.6,12107.0,South East,2022,34500.0,120.0,0.75,2.771014492753623
2022-05-01,97.0,11754.0,South East,2022,34500.0,120.8,0.75,2.8115942028985503
2022-06-01,98.2,12515.0,South East,2022,34500.0,121.8,1.0,2.846376811594203
2022-07-01,99.8,13367.0,South East,2022,34500.0,122.5,1.25,2.892753623188406
2022-08-01,100.8,14298.0,South East,2022,34500.0,123.1,1.25,2.921739130434782
2022-09-01,101.0,14254.0,South East,2022,34500.0,123.8,1.75,2.927536231884058
2022-10-01,101.1,13738.0,South East,2022,34500.0,126.2,2.25,2.930434782608695
2022-11-01,100.6,13867.0,South East,2022,34500.0,126.7,2.25,2.915942028985507
2022-12-01,100.1,12716.0,South East,2022,34500.0,127.2,3.0,2.9014492753623187
2023-01-01,100.0,8853.0,South East,2023,36527.0,126.4,3.5,2.737700878801982
2023-02-01,98.9,8634.0,South East,2023,36527.0,127.9,3.5,2.7075861691351606
2023-03-01,98.1,9788.0,South East,2023,36527.0,128.9,4.0,2.6856845621047443
2023-04-01,97.9,6980.0,South East,2023,36527.0,130.4,4.25,2.680209160347141
2023-05-01,97.5,7536.0,South East,2023,36527.0,131.3,4.25,2.6692583568319326
2023-06-01,97.5,9476.0,South East,2023,36527.0,131.5,4.5,2.6692583568319326
2023-07-01,98.5,8874.0,South East,2023,36527.0,130.9,5.0,2.6966353656199527
2023-08-01,98.4,10317.0,South East,2023,36527.0,131.3,5.0,2.6938976647411503
2023-09-01,97.8,9965.0,South East,2023,36527.0,132.0,5.25,2.677471459468338
2023-10-01,97.5,9720.0,South East,2023,36527.0,132.0,5.25,2.6692583568319326
2023-11-01,96.8,9297.0,South East,2023,36527.0,131.7,5.25,2.6500944506803186
2023-12-01,94.8,8880.0,South East,2023,36527.0,132.2,5.25,2.595340433104279
2024-01-01,95.3,7290.0,South East,2024,39056.0,131.5,5.25,2.4400860303154444
2024-02-01,94.9,7996.0,South East,2024,39056.0,132.3,5.25,2.4298443260958624
2024-03-01,94.6,9392.0,South East,2024,39056.0,133.0,5.25,2.4221630479311758
2024-04-01,95.2,8419.0,South East,2024,39056.0,133.5,5.25,2.437525604260549
2024-05-01,96.2,10212.0,South East,2024,39056.0,133.9,5.25,2.4631298648095044
2024-06-01,96.2,9754.0,South East,2024,39056.0,134.1,5.25,2.4631298648095044
2024-07-01,97.3,11410.0,South East,2024,39056.0,133.8,5.25,2.4912945514133553
2024-08-01,98.5,12343.0,South East,2024,39056.0,134.3,5.0,2.5220196640721015
2024-09-01,98.1,10969.0,South East,2024,39056.0,134.2,5.0,2.511777959852519
2024-10-01,98.3,12745.0,South East,2024,39056.0,135.0,5.0,2.5168988119623106
2024-11-01,97.3,12058.0,South East,2024,39056.0,135.1,5.0,2.4912945514133553
2024-12-01,97.7,11143.0,South East,2024,39056.0,135.6,4.75,2.5015362556329377
2025-01-01,98.3,9853.0,South East,2025,39983.0,135.4,4.75,2.458544881574669
2025-02-01,98.0,10981.0,South East,2025,39983.0,136.0,4.75,2.451041692719406
2025-03-01,98.4,22129.0,South East,2025,39983.0,136.5,4.5,2.461045944526424
2025-04-01,96.9,4901.0,South East,2025,39983.0,138.2,4.5,2.4235300002501066
2025-05-01,97.1,8277.0,South East,2025,39983.0,138.4,4.5,2.4285321261536152
2025-06-01,97.9,10217.0,South East,2025,39983.0,138.9,4.25,2.4485406297676517
2025-07-01,98.2,11344.0,South East,2025,39983.0,139.0,4.25,2.456043818622915
2025-08-01,99.1,11839.0,South East,2025,39983.0,139.3,4.25,2.478553385188705
2025-09-01,98.4,10076.0,South East,2025,39983.0,139.3,4.0,2.461045944526424
2025-10-01,99.4,11444.0,South East,2025,39983.0,139.8,4.0,2.486056574043969
2025-11-01,98.3,9947.0,South East,2025,39983.0,139.5,4.0,2.458544881574669
2025-12-01,97.3,9398.0,South East,2025,39983.0,140.1,4.0,2.433534252057124
2026-01-01,97.9,7090.0,South East,2026,39983.0,139.5,3.75,2.4485406297676517
2026-02-01,97.5,6917.0,South East,2026,39983.0,140.1,3.75,2.438536377960633
2026-03-01,97.8,7254.0,South East,2026,39983.0,141.0,3.75,2.4460395668158967
2026-04-01,97.5,,South East,2026,39983.0,142.1,3.75,2.438536377960633
2026-05-01,98.3,,South East,2026,39983.0,142.4,3.75,2.458544881574669
2000-06-01,25.1,5308.0,Wales,2000,17157.0,72.9,6.0,1.4629597248936295
2000-07-01,25.7,4808.0,Wales,2000,17157.0,72.5,6.0,1.4979308736958676
2000-08-01,25.7,4888.0,Wales,2000,17157.0,72.5,6.0,1.4979308736958676
2000-09-01,26.0,4743.0,Wales,2000,17157.0,73.1,6.0,1.5154164480969867
2000-10-01,25.7,4237.0,Wales,2000,17157.0,73.1,6.0,1.4979308736958676
2000-11-01,26.0,4287.0,Wales,2000,17157.0,73.2,6.0,1.5154164480969867
2000-12-01,26.0,4773.0,Wales,2000,17157.0,73.2,6.0,1.5154164480969867
2001-01-01,25.6,2993.0,Wales,2001,18018.0,72.6,6.0,1.4208014208014208
2001-02-01,26.0,3333.0,Wales,2001,18018.0,72.7,6.0,1.443001443001443
2001-03-01,26.3,4522.0,Wales,2001,18018.0,73.0,5.75,1.4596514596514596
2001-04-01,26.7,4216.0,Wales,2001,18018.0,73.4,5.75,1.4818514818514819
2001-05-01,27.3,4658.0,Wales,2001,18018.0,74.0,5.5,1.5151515151515151
2001-06-01,27.6,5812.0,Wales,2001,18018.0,74.1,5.25,1.531801531801532
2001-07-01,28.2,5649.0,Wales,2001,18018.0,73.6,5.25,1.5651015651015652
2001-08-01,28.4,6240.0,Wales,2001,18018.0,73.9,5.25,1.5762015762015762
2001-09-01,28.4,4915.0,Wales,2001,18018.0,74.1,5.0,1.5762015762015762
2001-10-01,28.1,5484.0,Wales,2001,18018.0,73.9,4.75,1.5595515595515594
2001-11-01,28.9,5980.0,Wales,2001,18018.0,73.8,4.5,1.603951603951604
2001-12-01,28.8,4953.0,Wales,2001,18018.0,74.0,4.0,1.5984015984015985
2002-01-01,29.0,3652.0,Wales,2002,18189.0,73.7,4.0,1.5943702237616142
2002-02-01,29.0,4183.0,Wales,2002,18189.0,73.8,4.0,1.5943702237616142
2002-03-01,29.2,5717.0,Wales,2002,18189.0,74.1,4.0,1.6053658804772115
2002-04-01,30.4,5076.0,Wales,2002,18189.0,74.4,4.0,1.6713398207707955
2002-05-01,31.0,6876.0,Wales,2002,18189.0,74.6,4.0,1.7043267909175877
2002-06-01,32.6,5512.0,Wales,2002,18189.0,74.6,4.0,1.7922920446423665
2002-07-01,32.8,6366.0,Wales,2002,18189.0,74.4,4.0,1.8032877013579633
2002-08-01,33.7,6460.0,Wales,2002,18189.0,74.6,4.0,1.8527681565781517
2002-09-01,33.7,5327.0,Wales,2002,18189.0,74.8,4.0,1.8527681565781517
2002-10-01,34.2,5330.0,Wales,2002,18189.0,74.9,4.0,1.8802572983671453
2002-11-01,35.4,6136.0,Wales,2002,18189.0,74.9,4.0,1.9462312386607288
2002-12-01,35.3,5461.0,Wales,2002,18189.0,75.2,4.0,1.9407334103029301
2003-01-01,36.5,3975.0,Wales,2003,19130.0,74.7,4.0,1.9079979090433872
2003-02-01,36.8,3993.0,Wales,2003,19130.0,75.0,4.0,1.9236800836382644
2003-03-01,37.2,4519.0,Wales,2003,19130.0,75.3,3.75,1.9445896497647677
2003-04-01,38.8,4710.0,Wales,2003,19130.0,75.5,3.75,2.028227914270779
2003-05-01,39.4,5173.0,Wales,2003,19130.0,75.5,3.75,2.0595922634605333
2003-06-01,40.1,5551.0,Wales,2003,19130.0,75.4,3.75,2.096184004181913
2003-07-01,41.3,5577.0,Wales,2003,19130.0,75.3,3.75,2.1589127025614214
2003-08-01,42.8,5936.0,Wales,2003,19130.0,75.6,3.5,2.237323575535808
2003-09-01,43.1,5485.0,Wales,2003,19130.0,75.9,3.5,2.2530057501306846
2003-10-01,43.5,6429.0,Wales,2003,19130.0,76.0,3.5,2.2739153162571877
2003-11-01,44.3,6162.0,Wales,2003,19130.0,75.9,3.5,2.3157344485101934
2003-12-01,45.8,6073.0,Wales,2003,19130.0,76.2,3.75,2.394145321484579
2004-01-01,46.4,4291.0,Wales,2004,20085.0,75.8,3.75,2.3101817276574557
2004-02-01,47.0,4206.0,Wales,2004,20085.0,76.0,3.75,2.3400547672392333
2004-03-01,47.4,5256.0,Wales,2004,20085.0,76.1,4.0,2.3599701269604183
2004-04-01,50.4,5821.0,Wales,2004,20085.0,76.4,4.0,2.5093353248693053
2004-05-01,50.7,5226.0,Wales,2004,20085.0,76.6,4.0,2.5242718446601944
2004-06-01,53.3,5688.0,Wales,2004,20085.0,76.6,4.25,2.6537216828478964
2004-07-01,55.1,6166.0,Wales,2004,20085.0,76.4,4.5,2.7433408015932286
2004-08-01,56.7,4807.0,Wales,2004,20085.0,76.6,4.5,2.823002240477969
2004-09-01,56.0,4276.0,Wales,2004,20085.0,76.7,4.75,2.788150360965895
2004-10-01,56.6,4087.0,Wales,2004,20085.0,76.9,4.75,2.8180234005476725
2004-11-01,57.6,3780.0,Wales,2004,20085.0,77.0,4.75,2.867811799850635
2004-12-01,57.2,3724.0,Wales,2004,20085.0,77.4,4.75,2.84789644012945
2005-01-01,58.1,2516.0,Wales,2005,20634.0,77.0,4.75,2.8157410099835225
2005-02-01,56.8,2572.0,Wales,2005,20634.0,77.2,4.75,2.752738199088882
2005-03-01,57.7,3336.0,Wales,2005,20634.0,77.5,4.75,2.7963555297082485
2005-04-01,58.2,3891.0,Wales,2005,20634.0,77.8,4.75,2.820587380052341
2005-05-01,59.4,3865.0,Wales,2005,20634.0,78.1,4.75,2.8787438208781624
2005-06-01,59.8,4271.0,Wales,2005,20634.0,78.1,4.75,2.898129301153436
2005-07-01,61.2,4428.0,Wales,2005,20634.0,78.2,4.75,2.9659784821168946
2005-08-01,61.9,4410.0,Wales,2005,20634.0,78.4,4.75,2.9999030725986238
2005-09-01,61.6,4534.0,Wales,2005,20634.0,78.6,4.5,2.985363962392168
2005-10-01,61.7,4249.0,Wales,2005,20634.0,78.7,4.5,2.990210332460987
2005-11-01,61.4,4383.0,Wales,2005,20634.0,78.7,4.5,2.9756712222545314
2005-12-01,60.8,4704.0,Wales,2005,20634.0,78.9,4.5,2.9465930018416207
2006-01-01,60.9,3228.0,Wales,2006,20790.0,78.5,4.5,2.929292929292929
2006-02-01,62.0,3567.0,Wales,2006,20790.0,78.8,4.5,2.9822029822029825
2006-03-01,62.7,4663.0,Wales,2006,20790.0,78.9,4.5,3.0158730158730163
2006-04-01,62.9,4207.0,Wales,2006,20790.0,79.4,4.5,3.0254930254930255
2006-05-01,63.3,4582.0,Wales,2006,20790.0,79.9,4.5,3.0447330447330447
2006-06-01,65.0,5755.0,Wales,2006,20790.0,80.1,4.5,3.1265031265031267
2006-07-01,64.9,5136.0,Wales,2006,20790.0,80.0,4.5,3.121693121693122
2006-08-01,65.8,5447.0,Wales,2006,20790.0,80.4,4.5,3.164983164983165
2006-09-01,65.8,5482.0,Wales,2006,20790.0,80.5,4.75,3.164983164983165
2006-10-01,65.6,5520.0,Wales,2006,20790.0,80.6,4.75,3.155363155363155
2006-11-01,66.4,5525.0,Wales,2006,20790.0,80.8,4.75,3.193843193843194
2006-12-01,66.9,5947.0,Wales,2006,20790.0,81.3,5.0,3.2178932178932182
2007-01-01,65.6,3962.0,Wales,2007,21105.0,80.6,5.0,3.1082681828950482
2007-02-01,67.3,3750.0,Wales,2007,21105.0,81.0,5.25,3.188817815683487
2007-03-01,66.4,4895.0,Wales,2007,21105.0,81.4,5.25,3.1461738924425493
2007-04-01,67.9,4428.0,Wales,2007,21105.0,81.6,5.25,3.217247097844113
2007-05-01,68.5,5047.0,Wales,2007,21105.0,81.8,5.25,3.245676380004738
2007-06-01,69.1,5925.0,Wales,2007,21105.0,82.0,5.5,3.2741056621653635
2007-07-01,69.1,5387.0,Wales,2007,21105.0,81.5,5.5,3.2741056621653635
2007-08-01,70.5,5719.0,Wales,2007,21105.0,81.8,5.75,3.3404406538734897
2007-09-01,70.0,4391.0,Wales,2007,21105.0,81.9,5.75,3.316749585406302
2007-10-01,70.3,4766.0,Wales,2007,21105.0,82.3,5.75,3.330964226486614
2007-11-01,69.7,4822.0,Wales,2007,21105.0,82.5,5.75,3.302534944325989
2007-12-01,69.1,4074.0,Wales,2007,21105.0,83.0,5.75,3.2741056621653635
2008-01-01,68.7,2536.0,Wales,2008,21830.0,82.4,5.5,3.147045350435181
2008-02-01,67.8,2682.0,Wales,2008,21830.0,83.0,5.5,3.105817682088868
2008-03-01,66.4,2923.0,Wales,2008,21830.0,83.4,5.25,3.0416857535501607
2008-04-01,66.5,3056.0,Wales,2008,21830.0,84.0,5.25,3.0462666055886394
2008-05-01,67.0,3327.0,Wales,2008,21830.0,84.6,5.0,3.0691708657810355
2008-06-01,66.6,3037.0,Wales,2008,21830.0,85.2,5.0,3.050847457627118
2008-07-01,64.7,2518.0,Wales,2008,21830.0,85.1,5.0,2.9638112688960145
2008-08-01,65.5,2221.0,Wales,2008,21830.0,85.7,5.0,3.000458085203848
2008-09-01,62.2,2032.0,Wales,2008,21830.0,86.1,5.0,2.8492899679340358
2008-10-01,62.9,2391.0,Wales,2008,21830.0,85.9,5.0,2.88135593220339
2008-11-01,61.6,1868.0,Wales,2008,21830.0,85.8,4.5,2.821804855703161
2008-12-01,60.7,1985.0,Wales,2008,21830.0,85.5,3.0,2.780577187356849
2009-01-01,58.6,1172.0,Wales,2009,22800.0,84.9,2.0,2.570175438596491
2009-02-01,58.2,1289.0,Wales,2009,22800.0,85.6,1.5,2.5526315789473686
2009-03-01,57.7,2013.0,Wales,2009,22800.0,85.8,1.0,2.530701754385965
2009-04-01,58.8,1943.0,Wales,2009,22800.0,86.0,0.5,2.5789473684210527
2009-05-01,59.7,2278.0,Wales,2009,22800.0,86.4,0.5,2.6184210526315788
2009-06-01,59.1,2548.0,Wales,2009,22800.0,86.7,0.5,2.5921052631578947
2009-07-01,60.2,2990.0,Wales,2009,22800.0,86.7,0.5,2.6403508771929824
2009-08-01,60.4,2514.0,Wales,2009,22800.0,87.0,0.5,2.6491228070175437
2009-09-01,60.6,2644.0,Wales,2009,22800.0,87.1,0.5,2.6578947368421053
2009-10-01,61.3,3004.0,Wales,2009,22800.0,87.2,0.5,2.68859649122807
2009-11-01,61.5,2757.0,Wales,2009,22800.0,87.5,0.5,2.6973684210526314
2009-12-01,62.4,3405.0,Wales,2009,22800.0,88.0,0.5,2.736842105263158
2010-01-01,59.9,1499.0,Wales,2010,23178.0,87.8,0.5,2.5843472258175852
2010-02-01,60.0,1901.0,Wales,2010,23178.0,88.2,0.5,2.5886616619207867
2010-03-01,61.3,2379.0,Wales,2010,23178.0,88.7,0.5,2.6447493312624037
2010-04-01,61.8,2553.0,Wales,2010,23178.0,89.2,0.5,2.6663215117784107
2010-05-01,62.1,2543.0,Wales,2010,23178.0,89.4,0.5,2.6792648200880147
2010-06-01,61.9,3013.0,Wales,2010,23178.0,89.5,0.5,2.6706359478816117
2010-07-01,62.9,2987.0,Wales,2010,23178.0,89.3,0.5,2.713780308913625
2010-08-01,62.1,2692.0,Wales,2010,23178.0,89.8,0.5,2.6792648200880147
2010-09-01,62.5,2542.0,Wales,2010,23178.0,89.8,0.5,2.6965225645008197
2010-10-01,62.5,2873.0,Wales,2010,23178.0,90.0,0.5,2.6965225645008197
2010-11-01,59.8,2776.0,Wales,2010,23178.0,90.3,0.5,2.580032789714384
2010-12-01,60.5,2715.0,Wales,2010,23178.0,91.2,0.5,2.6102338424367937
2011-01-01,59.9,1682.0,Wales,2011,23397.0,91.3,0.5,2.560157285122024
2011-02-01,60.0,1841.0,Wales,2011,23397.0,92.0,0.5,2.5644313373509426
2011-03-01,58.7,2280.0,Wales,2011,23397.0,92.2,0.5,2.5088686583750057
2011-04-01,60.6,2285.0,Wales,2011,23397.0,93.2,0.5,2.5900756507244522
2011-05-01,60.1,2257.0,Wales,2011,23397.0,93.4,0.5,2.568705389579861
2011-06-01,60.2,2721.0,Wales,2011,23397.0,93.3,0.5,2.572979441808779
2011-07-01,60.3,2820.0,Wales,2011,23397.0,93.3,0.5,2.5772534940376968
2011-08-01,60.7,2939.0,Wales,2011,23397.0,93.8,0.5,2.59434970295337
2011-09-01,61.5,2875.0,Wales,2011,23397.0,94.4,0.5,2.6285421207847164
2011-10-01,59.9,2729.0,Wales,2011,23397.0,94.5,0.5,2.560157285122024
2011-11-01,61.2,2937.0,Wales,2011,23397.0,94.6,0.5,2.6157199640979614
2011-12-01,59.8,2919.0,Wales,2011,23397.0,95.1,0.5,2.555883232893106
2012-01-01,59.6,1839.0,Wales,2012,23617.0,94.6,0.5,2.523605877122412
2012-02-01,59.3,1988.0,Wales,2012,23617.0,95.1,0.5,2.510903162975822
2012-03-01,59.2,2602.0,Wales,2012,23617.0,95.4,0.5,2.5066689249269594
2012-04-01,60.1,2104.0,Wales,2012,23617.0,96.0,0.5,2.5447770673667276
2012-05-01,60.2,2346.0,Wales,2012,23617.0,95.9,0.5,2.5490113054155907
2012-06-01,61.0,2924.0,Wales,2012,23617.0,95.5,0.5,2.582885209806495
2012-07-01,60.7,2582.0,Wales,2012,23617.0,95.6,0.5,2.570182495659906
2012-08-01,60.4,2934.0,Wales,2012,23617.0,96.1,0.5,2.557479781513317
2012-09-01,60.0,2449.0,Wales,2012,23617.0,96.5,0.5,2.540542829317864
2012-10-01,59.5,2884.0,Wales,2012,23617.0,97.0,0.5,2.5193716390735488
2012-11-01,60.3,3039.0,Wales,2012,23617.0,97.2,0.5,2.5532455434644534
2012-12-01,59.6,2689.0,Wales,2012,23617.0,97.6,0.5,2.523605877122412
2013-01-01,59.8,1802.0,Wales,2013,24103.0,97.1,0.5,2.481018960295399
2013-02-01,59.0,2027.0,Wales,2013,24103.0,97.8,0.5,2.447828071194457
2013-03-01,59.6,2601.0,Wales,2013,24103.0,98.1,0.5,2.4727212380201635
2013-04-01,59.4,2303.0,Wales,2013,24103.0,98.3,0.5,2.464423515744928
2013-05-01,60.3,3028.0,Wales,2013,24103.0,98.5,0.5,2.5017632659834876
2013-06-01,60.7,3183.0,Wales,2013,24103.0,98.3,0.5,2.5183587105339584
2013-07-01,60.3,3329.0,Wales,2013,24103.0,98.3,0.5,2.5017632659834876
2013-08-01,61.4,3532.0,Wales,2013,24103.0,98.7,0.5,2.5474007384972825
2013-09-01,61.0,3218.0,Wales,2013,24103.0,99.1,0.5,2.5308052939468113
2013-10-01,60.1,3632.0,Wales,2013,24103.0,99.1,0.5,2.4934655437082522
2013-11-01,61.0,4070.0,Wales,2013,24103.0,99.2,0.5,2.5308052939468113
2013-12-01,60.3,3887.0,Wales,2013,24103.0,99.6,0.5,2.5017632659834876
2014-01-01,61.7,2917.0,Wales,2014,24453.0,99.0,0.5,2.523207786365681
2014-02-01,62.1,2958.0,Wales,2014,24453.0,99.5,0.5,2.5395656974604344
2014-03-01,61.2,3214.0,Wales,2014,24453.0,99.7,0.5,2.50276039749724
2014-04-01,62.2,3360.0,Wales,2014,24453.0,100.1,0.5,2.543655175234123
2014-05-01,63.6,3848.0,Wales,2014,24453.0,100.0,0.5,2.600907864065759
2014-06-01,63.3,3849.0,Wales,2014,24453.0,100.2,0.5,2.588639430744694
2014-07-01,63.6,4151.0,Wales,2014,24453.0,99.9,0.5,2.600907864065759
2014-08-01,64.1,4084.0,Wales,2014,24453.0,100.2,0.5,2.6213552529342
2014-09-01,64.8,3654.0,Wales,2014,24453.0,100.3,0.5,2.6499815973500183
2014-10-01,64.1,4129.0,Wales,2014,24453.0,100.4,0.5,2.6213552529342
2014-11-01,64.2,3613.0,Wales,2014,24453.0,100.1,0.5,2.6254447307078883
2014-12-01,64.2,3836.0,Wales,2014,24453.0,100.1,0.5,2.6254447307078883
2015-01-01,63.9,2730.0,Wales,2015,24869.0,99.3,0.5,2.5694639913144877
2015-02-01,63.6,2750.0,Wales,2015,24869.0,99.5,0.5,2.5574007800876593
2015-03-01,63.4,3274.0,Wales,2015,24869.0,99.7,0.5,2.549358639269774
2015-04-01,64.3,3150.0,Wales,2015,24869.0,99.9,0.5,2.585548272950259
2015-05-01,64.5,3580.0,Wales,2015,24869.0,100.1,0.5,2.593590413768145
2015-06-01,65.0,4052.0,Wales,2015,24869.0,100.2,0.5,2.6136957658128592
2015-07-01,65.3,4469.0,Wales,2015,24869.0,100.0,0.5,2.625758977039688
2015-08-01,66.0,3918.0,Wales,2015,24869.0,100.3,0.5,2.653906469902288
2015-09-01,65.8,3801.0,Wales,2015,24869.0,100.2,0.5,2.645864329084402
2015-10-01,66.1,4500.0,Wales,2015,24869.0,100.3,0.5,2.657927540311231
2015-11-01,66.1,4064.0,Wales,2015,24869.0,100.3,0.5,2.657927540311231
2015-12-01,66.4,4129.0,Wales,2015,24869.0,100.3,0.5,2.6699907515380596
2016-01-01,65.7,2788.0,Wales,2016,25440.0,99.5,0.5,2.582547169811321
2016-02-01,66.9,3215.0,Wales,2016,25440.0,99.8,0.5,2.6297169811320757
2016-03-01,66.4,5744.0,Wales,2016,25440.0,100.2,0.5,2.610062893081761
2016-04-01,66.6,2822.0,Wales,2016,25440.0,100.2,0.5,2.6179245283018866
2016-05-01,67.7,3125.0,Wales,2016,25440.0,100.4,0.5,2.6611635220125787
2016-06-01,68.7,3812.0,Wales,2016,25440.0,100.6,0.5,2.7004716981132075
2016-07-01,68.7,4057.0,Wales,2016,25440.0,100.6,0.5,2.7004716981132075
2016-08-01,68.2,4122.0,Wales,2016,25440.0,100.9,0.5,2.6808176100628933
2016-09-01,68.0,4054.0,Wales,2016,25440.0,101.1,0.25,2.672955974842767
2016-10-01,68.8,3957.0,Wales,2016,25440.0,101.2,0.25,2.7044025157232703
2016-11-01,68.6,4084.0,Wales,2016,25440.0,101.4,0.25,2.6965408805031443
2016-12-01,68.7,4581.0,Wales,2016,25440.0,101.9,0.25,2.7004716981132075
2017-01-01,68.7,3056.0,Wales,2017,26026.0,101.4,0.25,2.639668024283409
2017-02-01,68.4,3225.0,Wales,2017,26026.0,102.1,0.25,2.6281410896795516
2017-03-01,69.3,3909.0,Wales,2017,26026.0,102.5,0.25,2.662721893491124
2017-04-01,70.3,3490.0,Wales,2017,26026.0,102.9,0.25,2.7011450088373166
2017-05-01,69.2,3933.0,Wales,2017,26026.0,103.3,0.25,2.658879581956505
2017-06-01,70.5,4691.0,Wales,2017,26026.0,103.3,0.25,2.7088296319065552
2017-07-01,70.8,4143.0,Wales,2017,26026.0,103.2,0.25,2.7203565665104126
2017-08-01,71.7,4572.0,Wales,2017,26026.0,103.8,0.25,2.754937370321986
2017-09-01,71.9,4424.0,Wales,2017,26026.0,104.1,0.25,2.7626219933912246
2017-10-01,72.7,4471.0,Wales,2017,26026.0,104.2,0.25,2.793360485668178
2017-11-01,71.8,4474.0,Wales,2017,26026.0,104.6,0.25,2.758779681856605
2017-12-01,72.1,4659.0,Wales,2017,26026.0,104.9,0.5,2.7703066164604624
2018-01-01,71.8,3170.0,Wales,2018,26353.0,104.4,0.5,2.724547489849353
2018-02-01,71.9,3276.0,Wales,2018,26353.0,104.9,0.5,2.7283421242363297
2018-03-01,72.2,3800.0,Wales,2018,26353.0,105.0,0.5,2.73972602739726
2018-04-01,72.0,3367.0,Wales,2018,26353.0,105.4,0.5,2.7321367586233065
2018-05-01,72.6,3799.0,Wales,2018,26353.0,105.8,0.5,2.7549045649451673
2018-06-01,73.6,4344.0,Wales,2018,26353.0,105.8,0.5,2.7928509088149354
2018-07-01,74.4,4227.0,Wales,2018,26353.0,105.8,0.5,2.8232079839107507
2018-08-01,75.5,4811.0,Wales,2018,26353.0,106.5,0.5,2.864948962167495
2018-09-01,75.2,3959.0,Wales,2018,26353.0,106.6,0.75,2.853565059006565
2018-10-01,75.5,4387.0,Wales,2018,26353.0,106.7,0.75,2.864948962167495
2018-11-01,75.1,5057.0,Wales,2018,26353.0,107.0,0.75,2.8497704246195874
2018-12-01,76.1,4255.0,Wales,2018,26353.0,107.1,0.75,2.887716768489356
2019-01-01,74.4,3070.0,Wales,2019,27466.0,106.3,0.75,2.7088036117381495
2019-02-01,74.6,3207.0,Wales,2019,27466.0,106.8,0.75,2.7160853418772297
2019-03-01,75.0,3639.0,Wales,2019,27466.0,107.0,0.75,2.730648802155392
2019-04-01,75.7,3462.0,Wales,2019,27466.0,107.6,0.75,2.756134857642176
2019-05-01,75.8,3854.0,Wales,2019,27466.0,107.9,0.75,2.759775722711716
2019-06-01,76.4,3997.0,Wales,2019,27466.0,107.9,0.75,2.7816209131289593
2019-07-01,77.1,4306.0,Wales,2019,27466.0,107.9,0.75,2.807106968615743
2019-08-01,78.9,4546.0,Wales,2019,27466.0,108.4,0.75,2.872642539867473
2019-09-01,77.1,3923.0,Wales,2019,27466.0,108.5,0.75,2.807106968615743
2019-10-01,78.0,4294.0,Wales,2019,27466.0,108.3,0.75,2.839874754241608
2019-11-01,79.0,4494.0,Wales,2019,27466.0,108.5,0.75,2.876283404937013
2019-12-01,78.1,4089.0,Wales,2019,27466.0,108.5,0.75,2.843515619311148
2020-01-01,76.6,3171.0,Wales,2020,28387.0,108.2,0.75,2.6984182900623526
2020-02-01,77.8,3168.0,Wales,2020,28387.0,108.6,0.75,2.7406911614471414
2020-03-01,78.4,3340.0,Wales,2020,28387.0,108.6,0.75,2.761827597139536
2020-04-01,75.1,1381.0,Wales,2020,28387.0,108.5,0.1,2.6455772008313665
2020-05-01,76.3,1576.0,Wales,2020,28387.0,108.5,0.1,2.6878500722161554
2020-06-01,78.5,2013.0,Wales,2020,28387.0,108.6,0.1,2.7653503364216014
2020-07-01,79.0,2391.0,Wales,2020,28387.0,109.1,0.1,2.7829640328319303
2020-08-01,81.2,2525.0,Wales,2020,28387.0,108.6,0.1,2.8604642970373764
2020-09-01,79.8,2859.0,Wales,2020,28387.0,109.1,0.1,2.811145947088456
2020-10-01,82.5,4200.0,Wales,2020,28387.0,109.1,0.1,2.906259907704231
2020-11-01,83.6,4236.0,Wales,2020,28387.0,108.9,0.1,2.9450100398069536
2020-12-01,85.0,4929.0,Wales,2020,28387.0,109.2,0.1,2.9943283897558746
2021-01-01,84.1,3404.0,Wales,2021,28527.0,109.0,0.1,2.9480842710414694
2021-02-01,83.4,4113.0,Wales,2021,28527.0,109.1,0.1,2.923546114207593
2021-03-01,86.0,5504.0,Wales,2021,28527.0,109.4,0.1,3.014687839590563
2021-04-01,85.0,4323.0,Wales,2021,28527.0,110.1,0.1,2.979633329827882
2021-05-01,86.2,4027.0,Wales,2021,28527.0,110.8,0.1,3.0216987415430996
2021-06-01,91.3,7096.0,Wales,2021,28527.0,111.3,0.1,3.200476741332772
2021-07-01,87.3,3890.0,Wales,2021,28527.0,111.3,0.1,3.0602587022820487
2021-08-01,89.3,4304.0,Wales,2021,28527.0,112.1,0.1,3.1303677218074104
2021-09-01,91.9,4773.0,Wales,2021,28527.0,112.4,0.1,3.221509447190381
2021-10-01,92.6,4556.0,Wales,2021,28527.0,113.6,0.1,3.2460476040242576
2021-11-01,92.4,4672.0,Wales,2021,28527.0,114.5,0.1,3.2390367020717217
2021-12-01,94.0,4545.0,Wales,2021,28527.0,115.1,0.1,3.295123917692011
2022-01-01,94.9,3261.0,Wales,2022,30630.0,114.9,0.25,3.0982696702579173
2022-02-01,94.0,3746.0,Wales,2022,30630.0,115.8,0.25,3.06888671237349
2022-03-01,94.9,4154.0,Wales,2022,30630.0,117.1,0.5,3.0982696702579173
2022-04-01,97.0,3792.0,Wales,2022,30630.0,120.0,0.75,3.1668299053215803
2022-05-01,97.4,3813.0,Wales,2022,30630.0,120.8,0.75,3.1798889977146594
2022-06-01,99.2,3618.0,Wales,2022,30630.0,121.8,1.0,3.2386549134835128
2022-07-01,100.7,4207.0,Wales,2022,30630.0,122.5,1.25,3.287626509957558
2022-08-01,101.2,4237.0,Wales,2022,30630.0,123.1,1.25,3.303950375448906
2022-09-01,102.9,4153.0,Wales,2022,30630.0,123.8,1.75,3.359451518119491
2022-10-01,103.1,4308.0,Wales,2022,30630.0,126.2,2.25,3.36598106431603
2022-11-01,102.0,4216.0,Wales,2022,30630.0,126.7,2.25,3.3300685602350635
2022-12-01,102.3,4008.0,Wales,2022,30630.0,127.2,3.0,3.3398628795298726
2023-01-01,100.0,2644.0,Wales,2023,32363.0,126.4,3.5,3.0899483978617557
2023-02-01,99.5,2679.0,Wales,2023,32363.0,127.9,3.5,3.0744986558724468
2023-03-01,98.7,3228.0,Wales,2023,32363.0,128.9,4.0,3.049779068689553
2023-04-01,97.0,2298.0,Wales,2023,32363.0,130.4,4.25,2.997249945925903
2023-05-01,98.9,2515.0,Wales,2023,32363.0,131.3,4.25,3.0559589654852766
2023-06-01,99.2,3210.0,Wales,2023,32363.0,131.5,4.5,3.0652288106788617
2023-07-01,100.4,2872.0,Wales,2023,32363.0,130.9,5.0,3.102308191453203
2023-08-01,101.0,3135.0,Wales,2023,32363.0,131.3,5.0,3.120847881840373
2023-09-01,101.3,3201.0,Wales,2023,32363.0,132.0,5.25,3.1301177270339586
2023-10-01,100.3,3093.0,Wales,2023,32363.0,132.0,5.25,3.0992182430553408
2023-11-01,100.0,2945.0,Wales,2023,32363.0,131.7,5.25,3.0899483978617557
2023-12-01,100.1,3015.0,Wales,2023,32363.0,132.2,5.25,3.093038346259617
2024-01-01,98.0,2082.0,Wales,2024,34267.0,131.5,5.25,2.85989435900429
2024-02-01,98.7,2541.0,Wales,2024,34267.0,132.3,5.25,2.8803221758543205
2024-03-01,99.5,2867.0,Wales,2024,34267.0,133.0,5.25,2.9036682522543553
2024-04-01,98.9,2617.0,Wales,2024,34267.0,133.5,5.25,2.8861586949543296
2024-05-01,98.7,3145.0,Wales,2024,34267.0,133.9,5.25,2.8803221758543205
2024-06-01,101.2,3174.0,Wales,2024,34267.0,134.1,5.25,2.95327866460443
2024-07-01,101.6,3528.0,Wales,2024,34267.0,133.8,5.25,2.964951702804447
2024-08-01,102.6,3790.0,Wales,2024,34267.0,134.3,5.0,2.994134298304491
2024-09-01,101.0,3270.0,Wales,2024,34267.0,134.2,5.0,2.947442145504421
2024-10-01,102.8,3874.0,Wales,2024,34267.0,135.0,5.0,2.9999708174045
2024-11-01,102.8,3931.0,Wales,2024,34267.0,135.1,5.0,2.9999708174045
2024-12-01,101.4,3547.0,Wales,2024,34267.0,135.6,4.75,2.959115183704439
2025-01-01,102.1,2777.0,Wales,2025,35796.0,135.4,4.75,2.852273997094647
2025-02-01,101.7,3179.0,Wales,2025,35796.0,136.0,4.75,2.8410995641971173
2025-03-01,102.6,3777.0,Wales,2025,35796.0,136.5,4.5,2.8662420382165603
2025-04-01,101.7,3073.0,Wales,2025,35796.0,138.2,4.5,2.8410995641971173
2025-05-01,102.4,3288.0,Wales,2025,35796.0,138.4,4.5,2.8606548217677954
2025-06-01,103.8,3582.0,Wales,2025,35796.0,138.9,4.25,2.899765336909152
2025-07-01,103.8,3736.0,Wales,2025,35796.0,139.0,4.25,2.899765336909152
2025-08-01,104.1,3755.0,Wales,2025,35796.0,139.3,4.25,2.9081461615822994
2025-09-01,104.7,3248.0,Wales,2025,35796.0,139.3,4.0,2.9249078109285955
2025-10-01,105.6,3766.0,Wales,2025,35796.0,139.8,4.0,2.9500502849480386
2025-11-01,104.8,3181.0,Wales,2025,35796.0,139.5,4.0,2.927701419152978
2025-12-01,106.1,3116.0,Wales,2025,35796.0,140.1,4.0,2.964018326069952
2026-01-01,104.5,2175.0,Wales,2026,35796.0,139.5,3.75,2.9193205944798297
2026-02-01,105.0,2238.0,Wales,2026,35796.0,140.1,3.75,2.9332886356017434
2026-03-01,106.2,2252.0,Wales,2026,35796.0,141.0,3.75,2.9668119342943347
2026-04-01,105.2,,Wales,2026,35796.0,142.1,3.75,2.9388758520505083
2026-05-01,106.6,,Wales,2026,35796.0,142.4,3.75,2.977986367191865
2000-06-01,26.3,10083.0,Yorkshire and The Humber,2000,17503.0,72.9,6.0,1.5025995543621096
2000-07-01,26.6,8777.0,Yorkshire and The Humber,2000,17503.0,72.5,6.0,1.5197394732331602
2000-08-01,26.6,9036.0,Yorkshire and The Humber,2000,17503.0,72.5,6.0,1.5197394732331602
2000-09-01,26.9,8702.0,Yorkshire and The Humber,2000,17503.0,73.1,6.0,1.5368793921042105
2000-10-01,26.8,8396.0,Yorkshire and The Humber,2000,17503.0,73.1,6.0,1.5311660858138607
2000-11-01,26.5,8180.0,Yorkshire and The Humber,2000,17503.0,73.2,6.0,1.5140261669428097
2000-12-01,26.9,8961.0,Yorkshire and The Humber,2000,17503.0,73.2,6.0,1.5368793921042105
2001-01-01,27.0,5850.0,Yorkshire and The Humber,2001,18270.0,72.6,6.0,1.4778325123152711
2001-02-01,26.6,6063.0,Yorkshire and The Humber,2001,18270.0,72.7,6.0,1.4559386973180077
2001-03-01,26.8,8443.0,Yorkshire and The Humber,2001,18270.0,73.0,5.75,1.4668856048166392
2001-04-01,27.6,8089.0,Yorkshire and The Humber,2001,18270.0,73.4,5.75,1.5106732348111658
2001-05-01,28.1,9271.0,Yorkshire and The Humber,2001,18270.0,74.0,5.5,1.5380405035577451
2001-06-01,28.4,11031.0,Yorkshire and The Humber,2001,18270.0,74.1,5.25,1.5544608648056923
2001-07-01,28.8,10516.0,Yorkshire and The Humber,2001,18270.0,73.6,5.25,1.5763546798029557
2001-08-01,29.4,11595.0,Yorkshire and The Humber,2001,18270.0,73.9,5.25,1.6091954022988506
2001-09-01,29.5,9356.0,Yorkshire and The Humber,2001,18270.0,74.1,5.0,1.6146688560481666
2001-10-01,29.2,10435.0,Yorkshire and The Humber,2001,18270.0,73.9,4.75,1.598248494800219
2001-11-01,29.7,11220.0,Yorkshire and The Humber,2001,18270.0,73.8,4.5,1.625615763546798
2001-12-01,30.0,9590.0,Yorkshire and The Humber,2001,18270.0,74.0,4.0,1.6420361247947455
2002-01-01,29.9,7040.0,Yorkshire and The Humber,2002,18863.0,73.7,4.0,1.5851137146795313
2002-02-01,30.5,7413.0,Yorkshire and The Humber,2002,18863.0,73.8,4.0,1.6169220166463447
2002-03-01,30.9,10423.0,Yorkshire and The Humber,2002,18863.0,74.1,4.0,1.6381275512908868
2002-04-01,31.8,9582.0,Yorkshire and The Humber,2002,18863.0,74.4,4.0,1.6858400042411068
2002-05-01,32.8,12999.0,Yorkshire and The Humber,2002,18863.0,74.6,4.0,1.7388538408524623
2002-06-01,33.9,10042.0,Yorkshire and The Humber,2002,18863.0,74.6,4.0,1.7971690611249536
2002-07-01,34.5,11823.0,Yorkshire and The Humber,2002,18863.0,74.4,4.0,1.828977363091767
2002-08-01,35.4,12028.0,Yorkshire and The Humber,2002,18863.0,74.6,4.0,1.876689816041987
2002-09-01,35.9,10126.0,Yorkshire and The Humber,2002,18863.0,74.8,4.0,1.9031967343476648
2002-10-01,36.3,10323.0,Yorkshire and The Humber,2002,18863.0,74.9,4.0,1.9244022689922067
2002-11-01,37.7,11411.0,Yorkshire and The Humber,2002,18863.0,74.9,4.0,1.998621640248105
2002-12-01,38.0,10192.0,Yorkshire and The Humber,2002,18863.0,75.2,4.0,2.0145257912315113
2003-01-01,38.6,7804.0,Yorkshire and The Humber,2003,19659.0,74.7,4.0,1.963477287756244
2003-02-01,38.7,7497.0,Yorkshire and The Humber,2003,19659.0,75.0,4.0,1.9685640164810014
2003-03-01,39.3,8432.0,Yorkshire and The Humber,2003,19659.0,75.3,3.75,1.9990843888295435
2003-04-01,40.7,8849.0,Yorkshire and The Humber,2003,19659.0,75.5,3.75,2.0702985909761433
2003-05-01,41.9,10158.0,Yorkshire and The Humber,2003,19659.0,75.5,3.75,2.131339335673229
2003-06-01,42.8,10413.0,Yorkshire and The Humber,2003,19659.0,75.4,3.75,2.1771198941960423
2003-07-01,44.0,11013.0,Yorkshire and The Humber,2003,19659.0,75.3,3.75,2.238160638893128
2003-08-01,44.9,11564.0,Yorkshire and The Humber,2003,19659.0,75.6,3.5,2.283941197415942
2003-09-01,45.1,10865.0,Yorkshire and The Humber,2003,19659.0,75.9,3.5,2.294114654865456
2003-10-01,45.8,12209.0,Yorkshire and The Humber,2003,19659.0,76.0,3.5,2.3297217559387553
2003-11-01,46.8,11302.0,Yorkshire and The Humber,2003,19659.0,75.9,3.5,2.3805890431863266
2003-12-01,47.8,11890.0,Yorkshire and The Humber,2003,19659.0,76.2,3.75,2.431456330433898
2004-01-01,47.6,8444.0,Yorkshire and The Humber,2004,20433.0,75.8,3.75,2.3295649194929773
2004-02-01,47.8,8425.0,Yorkshire and The Humber,2004,20433.0,76.0,3.75,2.3393530073900064
2004-03-01,49.6,10102.0,Yorkshire and The Humber,2004,20433.0,76.1,4.0,2.4274457984632702
2004-04-01,52.4,11490.0,Yorkshire and The Humber,2004,20433.0,76.4,4.0,2.5644790290216806
2004-05-01,53.7,10747.0,Yorkshire and The Humber,2004,20433.0,76.6,4.0,2.6281016003523714
2004-06-01,55.4,11901.0,Yorkshire and The Humber,2004,20433.0,76.6,4.25,2.7113003474771205
2004-07-01,56.5,12740.0,Yorkshire and The Humber,2004,20433.0,76.4,4.5,2.7651348309107813
2004-08-01,57.5,10285.0,Yorkshire and The Humber,2004,20433.0,76.6,4.5,2.8140752703959278
2004-09-01,58.2,9273.0,Yorkshire and The Humber,2004,20433.0,76.7,4.75,2.848333578035531
2004-10-01,58.1,9409.0,Yorkshire and The Humber,2004,20433.0,76.9,4.75,2.843439534087016
2004-11-01,58.4,7995.0,Yorkshire and The Humber,2004,20433.0,77.0,4.75,2.85812166593256
2004-12-01,59.1,8658.0,Yorkshire and The Humber,2004,20433.0,77.4,4.75,2.8923799735721625
2005-01-01,58.4,5513.0,Yorkshire and The Humber,2005,21506.0,77.0,4.75,2.715521249883753
2005-02-01,59.1,5700.0,Yorkshire and The Humber,2005,21506.0,77.2,4.75,2.7480703059611273
2005-03-01,59.8,7004.0,Yorkshire and The Humber,2005,21506.0,77.5,4.75,2.7806193620385007
2005-04-01,60.0,8173.0,Yorkshire and The Humber,2005,21506.0,77.8,4.75,2.789919092346322
2005-05-01,61.4,8270.0,Yorkshire and The Humber,2005,21506.0,78.1,4.75,2.8550172045010695
2005-06-01,62.1,9656.0,Yorkshire and The Humber,2005,21506.0,78.1,4.75,2.8875662605784433
2005-07-01,62.8,9874.0,Yorkshire and The Humber,2005,21506.0,78.2,4.75,2.920115316655817
2005-08-01,63.4,9151.0,Yorkshire and The Humber,2005,21506.0,78.4,4.75,2.94801450757928
2005-09-01,63.5,9561.0,Yorkshire and The Humber,2005,21506.0,78.6,4.5,2.952664372733191
2005-10-01,63.6,9058.0,Yorkshire and The Humber,2005,21506.0,78.7,4.5,2.9573142378871013
2005-11-01,63.7,9053.0,Yorkshire and The Humber,2005,21506.0,78.7,4.5,2.961964103041012
2005-12-01,64.1,10191.0,Yorkshire and The Humber,2005,21506.0,78.9,4.5,2.980563563656654
2006-01-01,63.9,7279.0,Yorkshire and The Humber,2006,21674.0,78.5,4.5,2.948232905785734
2006-02-01,64.3,7413.0,Yorkshire and The Humber,2006,21674.0,78.8,4.5,2.9666881978407305
2006-03-01,64.6,9781.0,Yorkshire and The Humber,2006,21674.0,78.9,4.5,2.980529666881978
2006-04-01,66.2,9414.0,Yorkshire and The Humber,2006,21674.0,79.4,4.5,3.0543508351019657
2006-05-01,66.4,10116.0,Yorkshire and The Humber,2006,21674.0,79.9,4.5,3.063578481129464
2006-06-01,67.1,12396.0,Yorkshire and The Humber,2006,21674.0,80.1,4.5,3.095875242225708
2006-07-01,68.0,11170.0,Yorkshire and The Humber,2006,21674.0,80.0,4.5,3.137399649349451
2006-08-01,68.7,11109.0,Yorkshire and The Humber,2006,21674.0,80.4,4.5,3.1696964104456953
2006-09-01,68.8,11107.0,Yorkshire and The Humber,2006,21674.0,80.5,4.75,3.1743102334594444
2006-10-01,69.1,11090.0,Yorkshire and The Humber,2006,21674.0,80.6,4.75,3.188151702500692
2006-11-01,69.4,11381.0,Yorkshire and The Humber,2006,21674.0,80.8,4.75,3.2019931715419396
2006-12-01,70.3,11749.0,Yorkshire and The Humber,2006,21674.0,81.3,5.0,3.2435175786656822
2007-01-01,69.7,8271.0,Yorkshire and The Humber,2007,22307.0,80.6,5.0,3.1245797283363967
2007-02-01,69.8,8423.0,Yorkshire and The Humber,2007,22307.0,81.0,5.25,3.129062626081499
2007-03-01,70.1,10371.0,Yorkshire and The Humber,2007,22307.0,81.4,5.25,3.142511319316806
2007-04-01,71.8,9276.0,Yorkshire and The Humber,2007,22307.0,81.6,5.25,3.2187205809835477
2007-05-01,72.6,10536.0,Yorkshire and The Humber,2007,22307.0,81.8,5.25,3.254583762944367
2007-06-01,73.4,12141.0,Yorkshire and The Humber,2007,22307.0,82.0,5.5,3.2904469449051867
2007-07-01,73.5,11262.0,Yorkshire and The Humber,2007,22307.0,81.5,5.5,3.2949298426502893
2007-08-01,73.6,11457.0,Yorkshire and The Humber,2007,22307.0,81.8,5.75,3.2994127403953915
2007-09-01,73.4,9072.0,Yorkshire and The Humber,2007,22307.0,81.9,5.75,3.2904469449051867
2007-10-01,73.8,9891.0,Yorkshire and The Humber,2007,22307.0,82.3,5.75,3.308378535885596
2007-11-01,73.6,9599.0,Yorkshire and The Humber,2007,22307.0,82.5,5.75,3.2994127403953915
2007-12-01,73.8,7935.0,Yorkshire and The Humber,2007,22307.0,83.0,5.75,3.308378535885596
2008-01-01,72.3,5702.0,Yorkshire and The Humber,2008,23357.0,82.4,5.5,3.0954317763411394
2008-02-01,72.1,6036.0,Yorkshire and The Humber,2008,23357.0,83.0,5.5,3.086869032838121
2008-03-01,71.3,5372.0,Yorkshire and The Humber,2008,23357.0,83.4,5.25,3.052618058826048
2008-04-01,71.8,6001.0,Yorkshire and The Humber,2008,23357.0,84.0,5.25,3.0740249175835936
2008-05-01,72.2,6539.0,Yorkshire and The Humber,2008,23357.0,84.6,5.0,3.0911504045896305
2008-06-01,70.7,6046.0,Yorkshire and The Humber,2008,23357.0,85.2,5.0,3.0269298283169928
2008-07-01,70.6,5160.0,Yorkshire and The Humber,2008,23357.0,85.1,5.0,3.0226484565654834
2008-08-01,69.4,4746.0,Yorkshire and The Humber,2008,23357.0,85.7,5.0,2.9712719955473736
2008-09-01,67.6,4047.0,Yorkshire and The Humber,2008,23357.0,86.1,5.0,2.894207304020208
2008-10-01,66.5,4482.0,Yorkshire and The Humber,2008,23357.0,85.9,5.0,2.847112214753607
2008-11-01,64.5,3651.0,Yorkshire and The Humber,2008,23357.0,85.8,4.5,2.7614847797234234
2008-12-01,63.9,3899.0,Yorkshire and The Humber,2008,23357.0,85.5,3.0,2.7357965492143683
2009-01-01,61.7,2377.0,Yorkshire and The Humber,2009,23891.0,84.9,2.0,2.5825624712234734
2009-02-01,61.8,2672.0,Yorkshire and The Humber,2009,23891.0,85.6,1.5,2.586748147838098
2009-03-01,60.8,3412.0,Yorkshire and The Humber,2009,23891.0,85.8,1.0,2.5448913816918504
2009-04-01,62.1,3634.0,Yorkshire and The Humber,2009,23891.0,86.0,0.5,2.5993051776819724
2009-05-01,62.5,4046.0,Yorkshire and The Humber,2009,23891.0,86.4,0.5,2.616047884140471
2009-06-01,62.9,4793.0,Yorkshire and The Humber,2009,23891.0,86.7,0.5,2.63279059059897
2009-07-01,64.9,5366.0,Yorkshire and The Humber,2009,23891.0,86.7,0.5,2.7165041228914655
2009-08-01,65.0,4767.0,Yorkshire and The Humber,2009,23891.0,87.0,0.5,2.7206897995060904
2009-09-01,64.8,4868.0,Yorkshire and The Humber,2009,23891.0,87.1,0.5,2.7123184462768406
2009-10-01,65.8,5601.0,Yorkshire and The Humber,2009,23891.0,87.2,0.5,2.754175212423088
2009-11-01,65.9,5106.0,Yorkshire and The Humber,2009,23891.0,87.5,0.5,2.7583608890377134
2009-12-01,66.4,6647.0,Yorkshire and The Humber,2009,23891.0,88.0,0.5,2.779289272110837
2010-01-01,65.2,2846.0,Yorkshire and The Humber,2010,23856.0,87.8,0.5,2.7330650570087194
2010-02-01,65.2,3549.0,Yorkshire and The Humber,2010,23856.0,88.2,0.5,2.7330650570087194
2010-03-01,65.2,4236.0,Yorkshire and The Humber,2010,23856.0,88.7,0.5,2.7330650570087194
2010-04-01,66.0,4388.0,Yorkshire and The Humber,2010,23856.0,89.2,0.5,2.766599597585513
2010-05-01,66.2,4694.0,Yorkshire and The Humber,2010,23856.0,89.4,0.5,2.7749832327297117
2010-06-01,66.5,5328.0,Yorkshire and The Humber,2010,23856.0,89.5,0.5,2.7875586854460095
2010-07-01,67.4,5657.0,Yorkshire and The Humber,2010,23856.0,89.3,0.5,2.8252850435949033
2010-08-01,67.2,4914.0,Yorkshire and The Humber,2010,23856.0,89.8,0.5,2.8169014084507045
2010-09-01,66.5,4790.0,Yorkshire and The Humber,2010,23856.0,89.8,0.5,2.7875586854460095
2010-10-01,65.4,4826.0,Yorkshire and The Humber,2010,23856.0,90.0,0.5,2.7414486921529178
2010-11-01,64.6,4675.0,Yorkshire and The Humber,2010,23856.0,90.3,0.5,2.7079141515761234
2010-12-01,65.2,4638.0,Yorkshire and The Humber,2010,23856.0,91.2,0.5,2.7330650570087194
2011-01-01,63.3,3044.0,Yorkshire and The Humber,2011,24119.0,91.3,0.5,2.6244869190264937
2011-02-01,64.3,3281.0,Yorkshire and The Humber,2011,24119.0,92.0,0.5,2.6659480077946847
2011-03-01,62.8,3866.0,Yorkshire and The Humber,2011,24119.0,92.2,0.5,2.6037563746423977
2011-04-01,64.7,4515.0,Yorkshire and The Humber,2011,24119.0,93.2,0.5,2.682532443301961
2011-05-01,64.7,4327.0,Yorkshire and The Humber,2011,24119.0,93.4,0.5,2.682532443301961
2011-06-01,64.0,4895.0,Yorkshire and The Humber,2011,24119.0,93.3,0.5,2.6535096811642274
2011-07-01,64.4,5089.0,Yorkshire and The Humber,2011,24119.0,93.3,0.5,2.670094116671504
2011-08-01,65.0,5425.0,Yorkshire and The Humber,2011,24119.0,93.8,0.5,2.6949707699324184
2011-09-01,64.6,5282.0,Yorkshire and The Humber,2011,24119.0,94.4,0.5,2.6783863344251415
2011-10-01,63.5,4866.0,Yorkshire and The Humber,2011,24119.0,94.5,0.5,2.632779136780132
2011-11-01,63.8,5193.0,Yorkshire and The Humber,2011,24119.0,94.6,0.5,2.645217463410589
2011-12-01,63.7,5268.0,Yorkshire and The Humber,2011,24119.0,95.1,0.5,2.64107135453377
2012-01-01,62.3,3593.0,Yorkshire and The Humber,2012,24288.0,94.6,0.5,2.565052700922266
2012-02-01,62.8,3667.0,Yorkshire and The Humber,2012,24288.0,95.1,0.5,2.585638998682477
2012-03-01,63.2,4957.0,Yorkshire and The Humber,2012,24288.0,95.4,0.5,2.6021080368906455
2012-04-01,62.9,3828.0,Yorkshire and The Humber,2012,24288.0,96.0,0.5,2.589756258234519
2012-05-01,63.7,4541.0,Yorkshire and The Humber,2012,24288.0,95.9,0.5,2.6226943346508564
2012-06-01,64.3,5230.0,Yorkshire and The Humber,2012,24288.0,95.5,0.5,2.6473978919631094
2012-07-01,64.4,4850.0,Yorkshire and The Humber,2012,24288.0,95.6,0.5,2.651515151515152
2012-08-01,64.7,5376.0,Yorkshire and The Humber,2012,24288.0,96.1,0.5,2.6638669301712783
2012-09-01,64.1,4355.0,Yorkshire and The Humber,2012,24288.0,96.5,0.5,2.639163372859025
2012-10-01,63.5,4971.0,Yorkshire and The Humber,2012,24288.0,97.0,0.5,2.614459815546772
2012-11-01,64.0,5559.0,Yorkshire and The Humber,2012,24288.0,97.2,0.5,2.635046113306983
2012-12-01,63.7,4900.0,Yorkshire and The Humber,2012,24288.0,97.6,0.5,2.6226943346508564
2013-01-01,61.7,3486.0,Yorkshire and The Humber,2013,24933.0,97.1,0.5,2.474632013796976
2013-02-01,62.9,3807.0,Yorkshire and The Humber,2013,24933.0,97.8,0.5,2.5227609994786024
2013-03-01,62.7,4854.0,Yorkshire and The Humber,2013,24933.0,98.1,0.5,2.514739501864998
2013-04-01,62.9,4349.0,Yorkshire and The Humber,2013,24933.0,98.3,0.5,2.5227609994786024
2013-05-01,63.9,5750.0,Yorkshire and The Humber,2013,24933.0,98.5,0.5,2.5628684875466248
2013-06-01,64.2,5685.0,Yorkshire and The Humber,2013,24933.0,98.3,0.5,2.574900733967032
2013-07-01,64.6,6008.0,Yorkshire and The Humber,2013,24933.0,98.3,0.5,2.5909437291942403
2013-08-01,64.8,6642.0,Yorkshire and The Humber,2013,24933.0,98.7,0.5,2.598965226807845
2013-09-01,65.4,5727.0,Yorkshire and The Humber,2013,24933.0,99.1,0.5,2.6230297196486587
2013-10-01,64.3,6741.0,Yorkshire and The Humber,2013,24933.0,99.1,0.5,2.5789114827738335
2013-11-01,64.7,7343.0,Yorkshire and The Humber,2013,24933.0,99.2,0.5,2.5949544780010427
2013-12-01,65.5,6882.0,Yorkshire and The Humber,2013,24933.0,99.6,0.5,2.6270404684554607
2014-01-01,64.6,5704.0,Yorkshire and The Humber,2014,24999.0,99.0,0.5,2.5841033641345654
2014-02-01,65.6,5708.0,Yorkshire and The Humber,2014,24999.0,99.5,0.5,2.6241049641985676
2014-03-01,64.7,5956.0,Yorkshire and The Humber,2014,24999.0,99.7,0.5,2.588103524140966
2014-04-01,66.6,6283.0,Yorkshire and The Humber,2014,24999.0,100.1,0.5,2.6641065642625703
2014-05-01,67.0,7081.0,Yorkshire and The Humber,2014,24999.0,100.0,0.5,2.6801072042881717
2014-06-01,67.0,7417.0,Yorkshire and The Humber,2014,24999.0,100.2,0.5,2.6801072042881717
2014-07-01,67.8,7335.0,Yorkshire and The Humber,2014,24999.0,99.9,0.5,2.7121084843393732
2014-08-01,68.6,7887.0,Yorkshire and The Humber,2014,24999.0,100.2,0.5,2.744109764390575
2014-09-01,67.7,6960.0,Yorkshire and The Humber,2014,24999.0,100.3,0.5,2.7081083243329735
2014-10-01,68.1,7832.0,Yorkshire and The Humber,2014,24999.0,100.4,0.5,2.724108964358574
2014-11-01,67.9,6661.0,Yorkshire and The Humber,2014,24999.0,100.1,0.5,2.716108644345774
2014-12-01,68.4,6965.0,Yorkshire and The Humber,2014,24999.0,100.1,0.5,2.7361094443777754
2015-01-01,66.9,4757.0,Yorkshire and The Humber,2015,25194.0,99.3,0.5,2.6553941414622533
2015-02-01,67.3,5130.0,Yorkshire and The Humber,2015,25194.0,99.5,0.5,2.6712709375248074
2015-03-01,67.7,6071.0,Yorkshire and The Humber,2015,25194.0,99.7,0.5,2.6871477335873624
2015-04-01,68.0,5786.0,Yorkshire and The Humber,2015,25194.0,99.9,0.5,2.6990553306342777
2015-05-01,69.6,6955.0,Yorkshire and The Humber,2015,25194.0,100.1,0.5,2.7625625148844963
2015-06-01,69.7,7367.0,Yorkshire and The Humber,2015,25194.0,100.2,0.5,2.766531713900135
2015-07-01,71.1,8227.0,Yorkshire and The Humber,2015,25194.0,100.0,0.5,2.8221005001190758
2015-08-01,71.4,7489.0,Yorkshire and The Humber,2015,25194.0,100.3,0.5,2.834008097165992
2015-09-01,71.0,7165.0,Yorkshire and The Humber,2015,25194.0,100.2,0.5,2.8181313011034375
2015-10-01,70.9,8067.0,Yorkshire and The Humber,2015,25194.0,100.3,0.5,2.814162102087799
2015-11-01,71.2,7271.0,Yorkshire and The Humber,2015,25194.0,100.3,0.5,2.8260696991347145
2015-12-01,71.5,7426.0,Yorkshire and The Humber,2015,25194.0,100.3,0.5,2.8379772961816307
2016-01-01,71.0,5378.0,Yorkshire and The Humber,2016,25946.0,99.5,0.5,2.7364526323903493
2016-02-01,71.3,5777.0,Yorkshire and The Humber,2016,25946.0,99.8,0.5,2.7480151083018574
2016-03-01,70.6,10252.0,Yorkshire and The Humber,2016,25946.0,100.2,0.5,2.721035997841671
2016-04-01,72.8,5329.0,Yorkshire and The Humber,2016,25946.0,100.2,0.5,2.8058274878594003
2016-05-01,73.0,5981.0,Yorkshire and The Humber,2016,25946.0,100.4,0.5,2.8135358051337396
2016-06-01,73.8,7170.0,Yorkshire and The Humber,2016,25946.0,100.6,0.5,2.844369074231095
2016-07-01,74.3,7520.0,Yorkshire and The Humber,2016,25946.0,100.6,0.5,2.8636398674169428
2016-08-01,74.4,7748.0,Yorkshire and The Humber,2016,25946.0,100.9,0.5,2.867494026054113
2016-09-01,73.9,7277.0,Yorkshire and The Humber,2016,25946.0,101.1,0.25,2.848223232868265
2016-10-01,73.9,6568.0,Yorkshire and The Humber,2016,25946.0,101.2,0.25,2.848223232868265
2016-11-01,74.3,7111.0,Yorkshire and The Humber,2016,25946.0,101.4,0.25,2.8636398674169428
2016-12-01,74.9,7761.0,Yorkshire and The Humber,2016,25946.0,101.9,0.25,2.88676481923996
2017-01-01,73.1,5376.0,Yorkshire and The Humber,2017,26309.0,101.4,0.25,2.778516857349196
2017-02-01,74.0,5946.0,Yorkshire and The Humber,2017,26309.0,102.1,0.25,2.8127256832262724
2017-03-01,73.5,7324.0,Yorkshire and The Humber,2017,26309.0,102.5,0.25,2.7937207799612302
2017-04-01,75.3,6251.0,Yorkshire and The Humber,2017,26309.0,102.9,0.25,2.8621384317153824
2017-05-01,75.9,6928.0,Yorkshire and The Humber,2017,26309.0,103.3,0.25,2.884944315633434
2017-06-01,76.5,8581.0,Yorkshire and The Humber,2017,26309.0,103.3,0.25,2.9077501995514843
2017-07-01,76.9,7772.0,Yorkshire and The Humber,2017,26309.0,103.2,0.25,2.9229541221635182
2017-08-01,77.6,8051.0,Yorkshire and The Humber,2017,26309.0,103.8,0.25,2.949560986734577
2017-09-01,77.6,7655.0,Yorkshire and The Humber,2017,26309.0,104.1,0.25,2.949560986734577
2017-10-01,77.1,7820.0,Yorkshire and The Humber,2017,26309.0,104.2,0.25,2.930556083469535
2017-11-01,77.2,7833.0,Yorkshire and The Humber,2017,26309.0,104.6,0.25,2.934357064122544
2017-12-01,77.8,7722.0,Yorkshire and The Humber,2017,26309.0,104.9,0.5,2.9571629480405943
2018-01-01,76.6,5528.0,Yorkshire and The Humber,2018,26892.0,104.4,0.5,2.848430760077346
2018-02-01,76.5,5757.0,Yorkshire and The Humber,2018,26892.0,104.9,0.5,2.8447121820615795
2018-03-01,76.9,6950.0,Yorkshire and The Humber,2018,26892.0,105.0,0.5,2.8595864941246467
2018-04-01,77.3,6050.0,Yorkshire and The Humber,2018,26892.0,105.4,0.5,2.8744608061877135
2018-05-01,78.4,6941.0,Yorkshire and The Humber,2018,26892.0,105.8,0.5,2.9153651643611482
2018-06-01,78.8,8060.0,Yorkshire and The Humber,2018,26892.0,105.8,0.5,2.9302394764242155
2018-07-01,79.6,7468.0,Yorkshire and The Humber,2018,26892.0,105.8,0.5,2.9599881005503494
2018-08-01,80.6,8480.0,Yorkshire and The Humber,2018,26892.0,106.5,0.5,2.997173880708017
2018-09-01,79.7,6862.0,Yorkshire and The Humber,2018,26892.0,106.6,0.75,2.9637066785661164
2018-10-01,79.4,7832.0,Yorkshire and The Humber,2018,26892.0,106.7,0.75,2.9525509445188165
2018-11-01,79.3,8468.0,Yorkshire and The Humber,2018,26892.0,107.0,0.75,2.948832366503049
2018-12-01,79.6,7433.0,Yorkshire and The Humber,2018,26892.0,107.1,0.75,2.9599881005503494
2019-01-01,78.8,5646.0,Yorkshire and The Humber,2019,27879.0,106.3,0.75,2.8265002331504
2019-02-01,78.2,6203.0,Yorkshire and The Humber,2019,27879.0,106.8,0.75,2.8049786577710827
2019-03-01,79.0,6802.0,Yorkshire and The Humber,2019,27879.0,107.0,0.75,2.8336740916101726
2019-04-01,79.5,6420.0,Yorkshire and The Humber,2019,27879.0,107.6,0.75,2.851608737759604
2019-05-01,79.7,7060.0,Yorkshire and The Humber,2019,27879.0,107.9,0.75,2.8587825962193767
2019-06-01,80.4,7222.0,Yorkshire and The Humber,2019,27879.0,107.9,0.75,2.883891100828581
2019-07-01,81.0,7529.0,Yorkshire and The Humber,2019,27879.0,107.9,0.75,2.9054126762078982
2019-08-01,81.3,7936.0,Yorkshire and The Humber,2019,27879.0,108.4,0.75,2.9161734638975574
2019-09-01,81.3,6866.0,Yorkshire and The Humber,2019,27879.0,108.5,0.75,2.9161734638975574
2019-10-01,81.6,7618.0,Yorkshire and The Humber,2019,27879.0,108.3,0.75,2.9269342515872157
2019-11-01,81.0,7834.0,Yorkshire and The Humber,2019,27879.0,108.5,0.75,2.9054126762078982
2019-12-01,81.4,7313.0,Yorkshire and The Humber,2019,27879.0,108.5,0.75,2.9197603931274436
2020-01-01,80.8,5838.0,Yorkshire and The Humber,2020,28709.0,108.2,0.75,2.8144484308056703
2020-02-01,80.7,5569.0,Yorkshire and The Humber,2020,28709.0,108.6,0.75,2.810965202549723
2020-03-01,81.2,5554.0,Yorkshire and The Humber,2020,28709.0,108.6,0.75,2.828381343829461
2020-04-01,78.7,2341.0,Yorkshire and The Humber,2020,28709.0,108.5,0.1,2.7413006374307707
2020-05-01,81.0,3337.0,Yorkshire and The Humber,2020,28709.0,108.5,0.1,2.8214148873175655
2020-06-01,82.5,5015.0,Yorkshire and The Humber,2020,28709.0,108.6,0.1,2.8736633111567804
2020-07-01,82.9,5531.0,Yorkshire and The Humber,2020,28709.0,109.1,0.1,2.887596224180571
2020-08-01,84.0,5861.0,Yorkshire and The Humber,2020,28709.0,108.6,0.1,2.9259117349959944
2020-09-01,84.4,6532.0,Yorkshire and The Humber,2020,28709.0,109.1,0.1,2.939844648019785
2020-10-01,85.6,8211.0,Yorkshire and The Humber,2020,28709.0,109.1,0.1,2.981643387091156
2020-11-01,87.5,7884.0,Yorkshire and The Humber,2020,28709.0,108.9,0.1,3.0478247239541605
2020-12-01,88.1,8328.0,Yorkshire and The Humber,2020,28709.0,109.2,0.1,3.068724093489846
2021-01-01,88.9,6660.0,Yorkshire and The Humber,2021,28732.0,109.0,0.1,3.0941110956424893
2021-02-01,89.4,8404.0,Yorkshire and The Humber,2021,28732.0,109.1,0.1,3.1115132952805236
2021-03-01,90.1,11158.0,Yorkshire and The Humber,2021,28732.0,109.4,0.1,3.1358763747737712
2021-04-01,88.4,8005.0,Yorkshire and The Humber,2021,28732.0,110.1,0.1,3.076708896004455
2021-05-01,89.3,7225.0,Yorkshire and The Humber,2021,28732.0,110.8,0.1,3.1080328553529166
2021-06-01,96.1,12697.0,Yorkshire and The Humber,2021,28732.0,111.3,0.1,3.344702770430182
2021-07-01,88.2,6580.0,Yorkshire and The Humber,2021,28732.0,111.3,0.1,3.069748016149241
2021-08-01,91.3,7770.0,Yorkshire and The Humber,2021,28732.0,112.1,0.1,3.1776416539050536
2021-09-01,95.9,12331.0,Yorkshire and The Humber,2021,28732.0,112.4,0.1,3.3377418905749687
2021-10-01,90.7,5880.0,Yorkshire and The Humber,2021,28732.0,113.6,0.1,3.156759014339413
2021-11-01,93.4,6999.0,Yorkshire and The Humber,2021,28732.0,114.5,0.1,3.2507308923847975
2021-12-01,94.3,7645.0,Yorkshire and The Humber,2021,28732.0,115.1,0.1,3.282054851733259
2022-01-01,95.1,5843.0,Yorkshire and The Humber,2022,30354.0,114.9,0.25,3.1330302431310533
2022-02-01,95.9,6799.0,Yorkshire and The Humber,2022,30354.0,115.8,0.25,3.1593859128945114
2022-03-01,95.5,7111.0,Yorkshire and The Humber,2022,30354.0,117.1,0.5,3.1462080780127826
2022-04-01,96.5,7018.0,Yorkshire and The Humber,2022,30354.0,120.0,0.75,3.1791526652171047
2022-05-01,98.7,6765.0,Yorkshire and The Humber,2022,30354.0,120.8,0.75,3.251630757066614
2022-06-01,99.6,7211.0,Yorkshire and The Humber,2022,30354.0,121.8,1.0,3.281280885550504
2022-07-01,101.4,7577.0,Yorkshire and The Humber,2022,30354.0,122.5,1.25,3.3405811425182845
2022-08-01,102.0,7673.0,Yorkshire and The Humber,2022,30354.0,123.1,1.25,3.360347894840878
2022-09-01,102.7,7744.0,Yorkshire and The Humber,2022,30354.0,123.8,1.75,3.3834091058839033
2022-10-01,103.0,7402.0,Yorkshire and The Humber,2022,30354.0,126.2,2.25,3.3932924820452
2022-11-01,103.4,7852.0,Yorkshire and The Humber,2022,30354.0,126.7,2.25,3.4064703169269293
2022-12-01,103.1,7192.0,Yorkshire and The Humber,2022,30354.0,127.2,3.0,3.396586940765632
2023-01-01,100.0,5112.0,Yorkshire and The Humber,2023,31921.0,126.4,3.5,3.1327339369067384
2023-02-01,100.0,5012.0,Yorkshire and The Humber,2023,31921.0,127.9,3.5,3.1327339369067384
2023-03-01,97.7,5879.0,Yorkshire and The Humber,2023,31921.0,128.9,4.0,3.0606810563578835
2023-04-01,99.3,4355.0,Yorkshire and The Humber,2023,31921.0,130.4,4.25,3.1108047993483914
2023-05-01,98.8,4536.0,Yorkshire and The Humber,2023,31921.0,131.3,4.25,3.0951411296638573
2023-06-01,100.9,6118.0,Yorkshire and The Humber,2023,31921.0,131.5,4.5,3.1609285423388993
2023-07-01,101.8,5472.0,Yorkshire and The Humber,2023,31921.0,130.9,5.0,3.1891231477710598
2023-08-01,103.2,6032.0,Yorkshire and The Humber,2023,31921.0,131.3,5.0,3.2329814228877543
2023-09-01,101.4,5808.0,Yorkshire and The Humber,2023,31921.0,132.0,5.25,3.176592212023433
2023-10-01,102.0,5717.0,Yorkshire and The Humber,2023,31921.0,132.0,5.25,3.195388615644873
2023-11-01,101.2,5652.0,Yorkshire and The Humber,2023,31921.0,131.7,5.25,3.1703267441496195
2023-12-01,100.5,5446.0,Yorkshire and The Humber,2023,31921.0,132.2,5.25,3.1483976065912724
2024-01-01,100.0,4272.0,Yorkshire and The Humber,2024,34423.0,131.5,5.25,2.905034424657932
2024-02-01,99.7,4734.0,Yorkshire and The Humber,2024,34423.0,132.3,5.25,2.8963193213839586
2024-03-01,100.6,5534.0,Yorkshire and The Humber,2024,34423.0,133.0,5.25,2.9224646312058797
2024-04-01,100.2,4804.0,Yorkshire and The Humber,2024,34423.0,133.5,5.25,2.9108444935072484
2024-05-01,101.2,6113.0,Yorkshire and The Humber,2024,34423.0,133.9,5.25,2.9398948377538274
2024-06-01,103.3,6120.0,Yorkshire and The Humber,2024,34423.0,134.1,5.25,3.000900560671644
2024-07-01,103.3,6613.0,Yorkshire and The Humber,2024,34423.0,133.8,5.25,3.000900560671644
2024-08-01,105.4,6997.0,Yorkshire and The Humber,2024,34423.0,134.3,5.0,3.061906283589461
2024-09-01,103.8,6214.0,Yorkshire and The Humber,2024,34423.0,134.2,5.0,3.0154257327949336
2024-10-01,104.3,7428.0,Yorkshire and The Humber,2024,34423.0,135.0,5.0,3.0299509049182234
2024-11-01,105.3,7213.0,Yorkshire and The Humber,2024,34423.0,135.1,5.0,3.0590012491648024
2024-12-01,105.3,7014.0,Yorkshire and The Humber,2024,34423.0,135.6,4.75,3.0590012491648024
2025-01-01,104.6,5296.0,Yorkshire and The Humber,2025,35682.0,135.4,4.75,2.9314500308278686
2025-02-01,105.1,6238.0,Yorkshire and The Humber,2025,35682.0,136.0,4.75,2.9454626982792442
2025-03-01,108.6,10533.0,Yorkshire and The Humber,2025,35682.0,136.5,4.5,3.0435513704388764
2025-04-01,101.3,3445.0,Yorkshire and The Humber,2025,35682.0,138.2,4.5,2.838966425648786
2025-05-01,104.3,5368.0,Yorkshire and The Humber,2025,35682.0,138.4,4.5,2.9230424303570426
2025-06-01,104.7,6378.0,Yorkshire and The Humber,2025,35682.0,138.9,4.25,2.9342525643181436
2025-07-01,105.9,6696.0,Yorkshire and The Humber,2025,35682.0,139.0,4.25,2.9678829662014463
2025-08-01,107.2,6767.0,Yorkshire and The Humber,2025,35682.0,139.3,4.25,3.004315901575024
2025-09-01,107.1,6058.0,Yorkshire and The Humber,2025,35682.0,139.3,4.0,3.0015133680847486
2025-10-01,107.8,6550.0,Yorkshire and The Humber,2025,35682.0,139.8,4.0,3.021131102516675
2025-11-01,109.0,5768.0,Yorkshire and The Humber,2025,35682.0,139.5,4.0,3.0547615043999774
2025-12-01,108.2,5502.0,Yorkshire and The Humber,2025,35682.0,140.1,4.0,3.032341236477776
2026-01-01,108.0,3944.0,Yorkshire and The Humber,2026,35682.0,139.5,3.75,3.0267361694972257
2026-02-01,109.2,4219.0,Yorkshire and The Humber,2026,35682.0,140.1,3.75,3.060366571380528
2026-03-01,108.3,4330.0,Yorkshire and The Humber,2026,35682.0,141.0,3.75,3.0351437699680512
2026-04-01,108.7,,Yorkshire and The Humber,2026,35682.0,142.1,3.75,3.046353903929152
2026-05-01,108.8,,Yorkshire and The Humber,2026,35682.0,142.4,3.75,3.049156437419427
